"","ID","Description","GeneRatio","BgRatio","pvalue","p.adjust","qvalue","geneID","Count"
"GO:0008422","GO:0008422","beta-glucosidase activity","3/45","111/21809",0.00155846039067949,0.0261127757395357,0.0172776260532266,"NA/NA/BGLC1",3
"GO:0004252","GO:0004252","serine-type endopeptidase activity","3/45","122/21809",0.00204184503943416,0.0261127757395357,0.0172776260532266,"NA/SBT1.8/NA",3
"GO:0015926","GO:0015926","glucosidase activity","3/45","126/21809",0.00223823792053163,0.0261127757395357,0.0172776260532266,"NA/NA/BGLC1",3
"GO:0017171","GO:0017171","serine hydrolase activity","3/45","190/21809",0.00705977458559046,0.0386898252492963,0.0255992828717148,"NA/SBT1.8/NA",3
"GO:0030247","GO:0030247","polysaccharide binding","2/45","64/21809",0.00773796504985926,0.0386898252492963,0.0255992828717148,"PDCB4/PDCB5",2
