"","ID","Description","GeneRatio","BgRatio","pvalue","p.adjust","qvalue","geneID","Count"
"GO:0031225","GO:0031225","anchored component of membrane","9/51","314/25052",1.30512444540882e-08,4.17639822530824e-07,1.78595976740155e-07,"NA/NA/PDCB4/AGP17/PDCB5/SKU5/NA/AtENODL15/AtENODL13",9
"GO:0046658","GO:0046658","anchored component of plasma membrane","6/51","173/25052",1.38395799982358e-06,2.21433279971773e-05,9.46918631458241e-06,"NA/PDCB5/SKU5/NA/AtENODL15/AtENODL13",6
"GO:0000922","GO:0000922","spindle pole","2/51","12/25052",0.000264699366363215,0.00211759493090572,0.000905550463874156,"AtAUR2/AtAUR1",2
"GO:0000780","GO:0000780","condensed nuclear chromosome, centromeric region","2/51","18/25052",0.000608843665801693,0.00310668277027866,0.00132851565834285,"AtAUR2/AtAUR1",2
"GO:0009505","GO:0009505","plant-type cell wall","3/51","235/25052",0.0121890400985424,0.0243780801970848,0.0104248369263849,"IMK2/SKU5/BGLC1",3
