"","ID","Description","GeneRatio","BgRatio","pvalue","p.adjust","qvalue","geneID","Count"
"GO:0052689","GO:0052689","carboxylic ester hydrolase activity","5/49","229/21809",0.00015991652035146,0.0161057569691052,0.0117732141587026,"ATCLH1/ATPME3/PGL2/ATMES9/PGL5",5
"GO:0005509","GO:0005509","calcium ion binding","5/49","262/21809",0.000298254758687133,0.0161057569691052,0.0117732141587026,"AtCRT1b/AtTSA1/AtCRT1a/CML39/ATELP",5
"GO:0003756","GO:0003756","protein disulfide isomerase activity","2/49","23/21809",0.00121398038438226,0.0327774703783209,0.0239601391654393,"ATPDI6/ATPDI11",2
"GO:0016864","GO:0016864","intramolecular oxidoreductase activity, transposing S-S bonds","2/49","23/21809",0.00121398038438226,0.0327774703783209,0.0239601391654393,"ATPDI6/ATPDI11",2
"GO:0051213","GO:0051213","dioxygenase activity","3/49","115/21809",0.00220548260639367,0.0476384242981033,0.0348234095746369,"NA/ATLOX2/ATJRG21",3
