"","ID","Description","GeneRatio","BgRatio","pvalue","p.adjust","qvalue","geneID","Count"
"GO:0099503","GO:0099503","secretory vesicle","7/55","173/25052",1.01779043434487e-07,3.35870843333808e-06,2.46412420946653e-06,"AtCRT1b/ATGLX1/AtTSA1/AtCRT1a/ATPDI6/ATPDI11/ML3",7
"GO:0005777","GO:0005777","peroxisome","6/55","324/25052",7.59932601143822e-05,0.000835925861258204,0.000613278941273962,"ATGLX1/ATDHAR1/ATCAT3/ATBG1/AtTSA1/ATC4H",6
"GO:0042579","GO:0042579","microbody","6/55","324/25052",7.59932601143822e-05,0.000835925861258204,0.000613278941273962,"ATGLX1/ATDHAR1/ATCAT3/ATBG1/AtTSA1/ATC4H",6
"GO:0010168","GO:0010168","ER body","2/55","12/25052",0.000307968903594222,0.00254074345465233,0.00186402231122819,"ATBG1/ML3",2
"GO:0005789","GO:0005789","endoplasmic reticulum membrane","5/55","293/25052",0.000456086823759761,0.0027089869003783,0.00198745450426478,"AtCRT1b/ATUTR3/AtCRT1a/PILS3/CYP94C1",5
"GO:0042175","GO:0042175","nuclear outer membrane-endoplasmic reticulum membrane network","5/55","298/25052",0.000492543072796055,0.0027089869003783,0.00198745450426478,"AtCRT1b/ATUTR3/AtCRT1a/PILS3/CYP94C1",5
