"","ID","Description","GeneRatio","BgRatio","pvalue","p.adjust","qvalue","geneID","Count"
"GO:0000325","GO:0000325","plant-type vacuole","4/35","177/25052",0.000106276643945212,0.000956489795506912,0.000559350757606382,"ESL1/ATOCT6/AtNCL/NPF5.12",4
"GO:0009705","GO:0009705","plant-type vacuole membrane","3/35","129/25052",0.000773911266441332,0.003482600698986,0.00203660859589824,"ESL1/ATOCT6/NPF5.12",3
"GO:0031225","GO:0031225","anchored component of membrane","3/35","314/25052",0.00949030173201599,0.028470905196048,0.0166496521614316,"NA/NA/NA",3
