"","ID","Description","GeneRatio","BgRatio","pvalue","p.adjust","qvalue","geneID","Count"
"GO:0009651","GO:0009651","response to salt stress","7/33","483/21826",6.45698575800848e-06,0.00107831662158742,0.000931165314575961,"ESL1/ATOCT6/AtNCL/ABI5/BGLU25/SIED1/COR78",7
"GO:0009414","GO:0009414","response to water deprivation","5/33","397/21826",0.000302873356178419,0.0189011366607255,0.0163218135677239,"ESL1/ATOCT6/ABI5/RS5/COR78",5
"GO:0009415","GO:0009415","response to water","5/33","407/21826",0.000339541377138782,0.0189011366607255,0.0163218135677239,"ESL1/ATOCT6/ABI5/RS5/COR78",5
"GO:0001101","GO:0001101","response to acid chemical","5/33","438/21826",0.000474907094705141,0.0198273712039396,0.0171216505196327,"ESL1/ATOCT6/ABI5/RS5/COR78",5
