"","ID","Description","GeneRatio","BgRatio","pvalue","p.adjust","qvalue","geneID","Count"
"GO:0009956","GO:0009956","radial pattern formation","5/38","26/21826",7.79391266230551e-10,1.39511036655269e-07,1.14857660286607e-07,"OBP2/ATDOF2.4/DOF6/PEAR2/DOF5.6",5
"GO:0010087","GO:0010087","phloem or xylem histogenesis","4/38","103/21826",3.05168475370011e-05,0.00142701460349926,0.00117484295495382,"ATWOX14/CLE45/CLE42/DOF5.6",4
"GO:0010497","GO:0010497","plasmodesmata-mediated intercellular transport","2/38","19/21826",0.00049537735476262,0.0177345093005018,0.0146005957193193,"ATDOF2.4/PEAR2",2
"GO:0048508","GO:0048508","embryonic meristem development","2/38","31/21826",0.0013294502267474,0.031795335309168,0.0261766947561513,"ATWOX14/DOF5.6",2
"GO:0048507","GO:0048507","meristem development","4/38","282/21826",0.00142505888198286,0.031795335309168,0.0261766947561513,"ATWOX14/CLE42/BAM3/DOF5.6",4
"GO:0010014","GO:0010014","meristem initiation","2/38","34/21826",0.00159864814403638,0.031795335309168,0.0261766947561513,"ATWOX14/CLE42",2
"GO:0045168","GO:0045168","cell-cell signaling involved in cell fate commitment","2/38","40/21826",0.00220814596005733,0.0395258126850262,0.0325410983587396,"CLE45/CLE42",2
