"","ID","Description","GeneRatio","BgRatio","pvalue","p.adjust","qvalue","geneID","Count"
"GO:0051213","GO:0051213","dioxygenase activity","3/37","115/21809",0.000973811589825255,0.0429915680570314,0.0372682323714204,"JMJ30/DIN11/AT2301",3
"GO:0030545","GO:0030545","receptor regulator activity","2/37","56/21809",0.00407130235614153,0.0429915680570314,0.0372682323714204,"CLEL/CLEL",2
"GO:0030546","GO:0030546","signaling receptor activator activity","2/37","56/21809",0.00407130235614153,0.0429915680570314,0.0372682323714204,"CLEL/CLEL",2
"GO:0048018","GO:0048018","receptor ligand activity","2/37","56/21809",0.00407130235614153,0.0429915680570314,0.0372682323714204,"CLEL/CLEL",2
"GO:0016706","GO:0016706","2-oxoglutarate-dependent dioxygenase activity","2/37","57/21809",0.00421485961343445,0.0429915680570314,0.0372682323714204,"JMJ30/AT2301",2
