"","ID","Description","GeneRatio","BgRatio","pvalue","p.adjust","qvalue","geneID","Count"
"GO:0005615","GO:0005615","extracellular space","2/39","130/25052",0.0174682023800952,0.139745619040762,0.128713070169123,"CLEL/CLEL",2
"GO:0009505","GO:0009505","plant-type cell wall","2/39","235/25052",0.0517437665532608,0.206975066213043,0.19063492940675,"BDX/DGR2",2
"GO:0009705","GO:0009705","plant-type vacuole membrane","1/39","129/25052",0.182491821056257,0.322326696413404,0.296879851959714,"UMAMIT5",1
"GO:0080008","GO:0080008","Cul4-RING E3 ubiquitin ligase complex","1/39","130/25052",0.183771073914211,0.322326696413404,0.296879851959714,"EFO1",1
"GO:0099503","GO:0099503","secretory vesicle","1/39","173/25052",0.236971519014607,0.322326696413404,0.296879851959714,"ATTLL1",1
"GO:0000325","GO:0000325","plant-type vacuole","1/39","177/25052",0.241745022310053,0.322326696413404,0.296879851959714,"UMAMIT5",1
"GO:0031461","GO:0031461","cullin-RING ubiquitin ligase complex","1/39","241/25052",0.31427835643582,0.35917526449808,0.330819322564021,"EFO1",1
"GO:0000151","GO:0000151","ubiquitin ligase complex","1/39","318/25052",0.392619482069422,0.392619482069422,0.361623207169204,"EFO1",1
