"","ID","Description","GeneRatio","BgRatio","pvalue","p.adjust","qvalue","geneID","Count"
"GO:0009733","GO:0009733","response to auxin","8/37","337/21826",7.77117539359952e-08,1.27447276455032e-05,1.0225230781052e-05,"IAA3/ATAUX2-27/UMAMIT5/SAUR42/SAUR29/SAUR27/NA/AXR5",8
"GO:0060918","GO:0060918","auxin transport","4/37","114/21826",4.08130095014214e-05,0.00246983898456317,0.00198157813267264,"UMAMIT5/NA/CLEL/CLEL",4
"GO:0009914","GO:0009914","hormone transport","4/37","117/21826",4.51799814249361e-05,0.00246983898456317,0.00198157813267264,"UMAMIT5/NA/CLEL/CLEL",4
"GO:0010817","GO:0010817","regulation of hormone levels","5/37","254/21826",6.5977121434731e-05,0.00270506197882397,0.0021703000471951,"UMAMIT5/NA/CYP702A6/CLEL/CLEL",5
"GO:0008284","GO:0008284","positive regulation of cell population proliferation","2/37","31/21826",0.0012605928769442,0.0329260845055858,0.0264169484159065,"CLEL/CLEL",2
"GO:0009958","GO:0009958","positive gravitropism","2/37","34/21826",0.00151598607159122,0.0329260845055858,0.0264169484159065,"CLEL/CLEL",2
"GO:0010583","GO:0010583","response to cyclopentenone","2/37","35/21826",0.00160615046368711,0.0329260845055858,0.0264169484159065,"IAA3/ATAUX2-27",2
"GO:0010928","GO:0010928","regulation of auxin mediated signaling pathway","2/37","43/21826",0.00241687393494727,0.0440408139257059,0.0353344142536151,"UMAMIT5/NA",2
