"","ID","Description","GeneRatio","BgRatio","pvalue","p.adjust","qvalue","geneID","Count"
"GO:0120013","GO:0120013","lipid transfer activity","2/51","15/21809",0.000552105346974624,0.0147188255765488,0.0114162636050794,"ATSFH3/NA",2
"GO:0120014","GO:0120014","phospholipid transfer activity","2/51","15/21809",0.000552105346974624,0.0147188255765488,0.0114162636050794,"ATSFH3/NA",2
"GO:0005548","GO:0005548","phospholipid transporter activity","2/51","19/21809",0.000893779414927553,0.0147188255765488,0.0114162636050794,"ATSFH3/NA",2
"GO:0005507","GO:0005507","copper ion binding","4/51","191/21809",0.00103290004045957,0.0147188255765488,0.0114162636050794,"ACO2/BGLU23/JAL31/JAL34",4
"GO:0005381","GO:0005381","iron ion transmembrane transporter activity","2/51","23/21809",0.00131449201721304,0.0149852089962287,0.0116228767837785,"MEB1/MEB2",2
"GO:0005199","GO:0005199","structural constituent of cell wall","2/51","31/21809",0.00238727043477231,0.0176921803962288,0.0137224667893187,"AT-EXP10/ATGRP-5",2
"GO:0016746","GO:0016746","transferase activity, transferring acyl groups","5/51","404/21809",0.0024831130380672,0.0176921803962288,0.0137224667893187,"ATGPAT2/AtCER6/NA/NA/NA",5
