"","ID","Description","GeneRatio","BgRatio","pvalue","p.adjust","qvalue","geneID","Count"
"GO:0010168","GO:0010168","ER body","5/63","12/25052",6.68159505277204e-11,1.26950306002669e-09,1.05498869254295e-09,"ERMO3/BGLU23/NAI2/MEB1/MEB2",5
"GO:0009986","GO:0009986","cell surface","3/63","19/25052",1.42700172609683e-05,0.000135565163979199,0.000112658031007644,"ANNAT4/ANN3/ANNAT2",3
