"","ID","Description","GeneRatio","BgRatio","pvalue","p.adjust","qvalue","geneID","Count"
"GO:0000790","GO:0000790","nuclear chromatin","3/46","150/25052",0.00264498877561212,0.0343848540829575,0.0250577884005358,"KNAT6/BUM/BP",3
"GO:0000785","GO:0000785","chromatin","3/46","226/25052",0.0082670802175449,0.0431367208426781,0.0314356670108585,"KNAT6/BUM/BP",3
