"","ID","Description","GeneRatio","BgRatio","pvalue","p.adjust","qvalue","geneID","Count"
"GO:0004568","GO:0004568","chitinase activity","4/68","23/21809",7.31843716101699e-07,7.24525278940682e-05,5.16142410303304e-05,"NA/NA/NA/ChiC",4
"GO:0008509","GO:0008509","anion transmembrane transporter activity","7/68","336/21809",8.38213849107106e-05,0.00414915855308017,0.0029558067310619,"AtNPF2.13/NIP6/ATPT2/AtNIP5;1/AtLHT1/AtNPF2.11/AAP4",7
"GO:0008236","GO:0008236","serine-type peptidase activity","5/68","190/21809",0.00031818446141476,0.0078750654200153,0.00561009445126023,"AIR3/SCPL51/scpl46/SCPL34/NA",5
"GO:0017171","GO:0017171","serine hydrolase activity","5/68","190/21809",0.00031818446141476,0.0078750654200153,0.00561009445126023,"AIR3/SCPL51/scpl46/SCPL34/NA",5
"GO:0004180","GO:0004180","carboxypeptidase activity","3/68","61/21809",0.00091679014008818,0.0113452779835912,0.00808222886656685,"SCPL51/scpl46/SCPL34",3
"GO:0022804","GO:0022804","active transmembrane transporter activity","6/68","476/21809",0.00365894393525262,0.0329304954172736,0.0234592577666914,"NIP6/AHA1/ATPT2/AtNIP5;1/AtNPF2.11/AAP4",6
"GO:0005372","GO:0005372","water transmembrane transporter activity","2/68","36/21809",0.00563582479812868,0.0398533325010528,0.028390997103355,"NIP6/AtNIP5;1",2
"GO:0015250","GO:0015250","water channel activity","2/68","36/21809",0.00563582479812868,0.0398533325010528,0.028390997103355,"NIP6/AtNIP5;1",2
