"","ID","Description","GeneRatio","BgRatio","pvalue","p.adjust","qvalue","geneID","Count"
"GO:0055035","GO:0055035","plastid thylakoid membrane","17/85","333/25052",1.18394135359089e-15,5.20934195579992e-14,3.11563514102866e-14,"DRT112/PSAK/LHCA3/SPPA/NA/SEP2/NA/NA/CURT1B/LHCB2/OEC33/PSBQ/OHP/FIP/ENH1/LHCB3/PSAN",17
"GO:0042651","GO:0042651","thylakoid membrane","17/85","361/25052",4.48817605198855e-15,6.88912141557092e-14,4.12028792797304e-14,"DRT112/PSAK/LHCA3/SPPA/NA/SEP2/NA/NA/CURT1B/LHCB2/OEC33/PSBQ/OHP/FIP/ENH1/LHCB3/PSAN",17
"GO:0034357","GO:0034357","photosynthetic membrane","17/85","362/25052",4.69712823788926e-15,6.88912141557092e-14,4.12028792797304e-14,"DRT112/PSAK/LHCA3/SPPA/NA/SEP2/NA/NA/CURT1B/LHCB2/OEC33/PSBQ/OHP/FIP/ENH1/LHCB3/PSAN",17
"GO:0099503","GO:0099503","secretory vesicle","7/85","173/25052",2.08058305454211e-06,1.01717393777614e-05,6.08357618287167e-06,"FLA9/NA/NA/ESM1/AtENODL2/DIR1-like/AtXTH22",7
"GO:0048046","GO:0048046","apoplast","8/85","298/25052",7.94376951693414e-06,3.17750780677366e-05,1.90042332941008e-05,"NA/GAPA-2/AOAT1/NA/ESM1/GOX1/PSBQ/AtENODL2",8
"GO:0031977","GO:0031977","thylakoid lumen","4/85","61/25052",5.55759679679922e-05,0.000163022839372777,9.750169818946e-05,"DRT112/OEC33/PSBQ/PSAN",4
"GO:0010287","GO:0010287","plastoglobule","4/85","67/25052",8.03746455206728e-05,0.00022103027518185,0.000132195140659001,"LHCA3/LHCB2/OEC33/LHCB3",4
"GO:0005777","GO:0005777","peroxisome","5/85","324/25052",0.00495092951223227,0.01146531044938,0.00685724309173445,"AOAT1/ATSEH/ATOEP16-1/ESM1/GOX1",5
"GO:0042579","GO:0042579","microbody","5/85","324/25052",0.00495092951223227,0.01146531044938,0.00685724309173445,"AOAT1/ATSEH/ATOEP16-1/ESM1/GOX1",5
