"","ID","Description","GeneRatio","BgRatio","pvalue","p.adjust","qvalue","geneID","Count"
"GO:0033612","GO:0033612","receptor serine/threonine kinase binding","3/42","45/21809",8.90781659213132e-05,0.00267234497763939,0.00168779682798278,"CLE45/CLE42/CLE25",3
"GO:0005089","GO:0005089","Rho guanyl-nucleotide exchange factor activity","2/42","16/21809",0.000427099373750491,0.00640649060625737,0.00404620459342571,"ATROPGEF2/ATROPGEF3",2
"GO:0017048","GO:0017048","Rho GTPase binding","2/42","24/21809",0.000972779545290613,0.00725878570332895,0.00458449623368144,"ATROPGEF2/ATROPGEF3",2
