"","ID","Description","GeneRatio","BgRatio","pvalue","p.adjust","qvalue","geneID","Count"
"GO:0009956","GO:0009956","radial pattern formation","6/38","26/21826",4.13083101004219e-12,8.59212850088775e-10,6.43539988932888e-10,"OBP2/ATDOF2.4/DOF6/PEAR2/AIL6/DOF5.6",6
"GO:0010087","GO:0010087","phloem or xylem histogenesis","4/38","103/21826",3.05168475370011e-05,0.00158687607192406,0.00118855090407268,"ATWOX14/CLE45/CLE42/DOF5.6",4
"GO:0045168","GO:0045168","cell-cell signaling involved in cell fate commitment","3/38","40/21826",4.6010514716607e-05,0.00191403741221085,0.00143359077432797,"CLE45/CLE42/CLE25",3
"GO:0048507","GO:0048507","meristem development","5/38","282/21826",0.000123026800712786,0.00426492909137658,0.00319438008868286,"ATWOX14/CLE42/BAM3/AIL6/DOF5.6",5
"GO:0010497","GO:0010497","plasmodesmata-mediated intercellular transport","2/38","19/21826",0.00049537735476262,0.0147197842558036,0.0110249396247921,"ATDOF2.4/PEAR2",2
"GO:0007267","GO:0007267","cell-cell signaling","3/38","98/21826",0.000660677920814071,0.0152690008365919,0.0114362961731559,"CLE45/CLE42/CLE25",3
"GO:0048508","GO:0048508","embryonic meristem development","2/38","31/21826",0.0013294502267474,0.0251386951966781,0.0188285773740301,"ATWOX14/DOF5.6",2
"GO:0010014","GO:0010014","meristem initiation","2/38","34/21826",0.00159864814403638,0.0277099011632973,0.0207543794138056,"ATWOX14/CLE42",2
