"","ID","Description","GeneRatio","BgRatio","pvalue","p.adjust","qvalue","geneID","Count"
"GO:0099503","GO:0099503","secretory vesicle","6/52","173/25052",1.55556844497786e-06,5.13337586842695e-05,3.76611307731483e-05,"AtCRT1b/ATGLX1/AtTSA1/AtCRT1a/ATPDI11/ML3",6
"GO:0005777","GO:0005777","peroxisome","6/52","324/25052",5.51309752507596e-05,0.000606440727758356,0.000444916642374551,"ATGLX1/ATDHAR1/ATCAT3/ATBG1/AtTSA1/ATC4H",6
"GO:0042579","GO:0042579","microbody","6/52","324/25052",5.51309752507596e-05,0.000606440727758356,0.000444916642374551,"ATGLX1/ATDHAR1/ATCAT3/ATBG1/AtTSA1/ATC4H",6
"GO:0010168","GO:0010168","ER body","2/52","12/25052",0.00027521408997217,0.00208345493863027,0.00152853153392333,"ATBG1/ML3",2
"GO:0005789","GO:0005789","endoplasmic reticulum membrane","5/52","293/25052",0.000350599971747219,0.00208345493863027,0.00152853153392333,"AtCRT1b/ATUTR3/AtCRT1a/PILS3/CYP94C1",5
"GO:0042175","GO:0042175","nuclear outer membrane-endoplasmic reticulum membrane network","5/52","298/25052",0.000378809988841868,0.00208345493863027,0.00152853153392333,"AtCRT1b/ATUTR3/AtCRT1a/PILS3/CYP94C1",5
