"","ID","Description","GeneRatio","BgRatio","pvalue","p.adjust","qvalue","geneID","Count"
"GO:0005992","GO:0005992","trehalose biosynthetic process","2/46","16/21826",0.000511743835830017,0.0342028561623782,0.0283523676082872,"ATTPPB/TPPH",2
"GO:0005991","GO:0005991","trehalose metabolic process","2/46","19/21826",0.000726304364448808,0.0342028561623782,0.0283523676082872,"ATTPPB/TPPH",2
"GO:0015770","GO:0015770","sucrose transport","2/46","20/21826",0.000805922644767067,0.0342028561623782,0.0283523676082872,"AtSWEET11/AtSWEET12",2
"GO:0015766","GO:0015766","disaccharide transport","2/46","22/21826",0.000977206626127169,0.0342028561623782,0.0283523676082872,"AtSWEET11/AtSWEET12",2
"GO:0015772","GO:0015772","oligosaccharide transport","2/46","23/21826",0.00106883925507432,0.0342028561623782,0.0283523676082872,"AtSWEET11/AtSWEET12",2
"GO:0051260","GO:0051260","protein homooligomerization","2/46","26/21826",0.00136750229539272,0.0364667278771391,0.0302289981086811,"AtSWEET11/AtSWEET12",2
