"","ID","Description","GeneRatio","BgRatio","pvalue","p.adjust","qvalue","geneID","Count"
"GO:0004805","GO:0004805","trehalose-phosphatase activity","2/42","11/21809",0.000196953592195764,0.00874828579465498,0.00619817819459361,"ATTPPB/TPPH",2
"GO:0008515","GO:0008515","sucrose transmembrane transporter activity","2/42","18/21809",0.000543223003606196,0.00874828579465498,0.00619817819459361,"AtSWEET11/AtSWEET12",2
"GO:0015154","GO:0015154","disaccharide transmembrane transporter activity","2/42","20/21809",0.000672945061127306,0.00874828579465498,0.00619817819459361,"AtSWEET11/AtSWEET12",2
"GO:0015157","GO:0015157","oligosaccharide transmembrane transporter activity","2/42","20/21809",0.000672945061127306,0.00874828579465498,0.00619817819459361,"AtSWEET11/AtSWEET12",2
"GO:0051119","GO:0051119","sugar transmembrane transporter activity","2/42","39/21809",0.00256436700801522,0.0222245140694652,0.015746113207111,"AtSWEET11/AtSWEET12",2
"GO:0042973","GO:0042973","glucan endo-1,3-beta-D-glucosidase activity","2/42","51/21809",0.00434838371621256,0.0323022790347219,0.0228862300853293,"NA/NA",2
"GO:0031625","GO:0031625","ubiquitin protein ligase binding","2/42","59/21809",0.00577887527747249,0.0375626893035712,0.0266132414094128,"NA/ATL5",2
