"","ID","Description","GeneRatio","BgRatio","pvalue","p.adjust","qvalue","geneID","Count"
"GO:0031226","GO:0031226","intrinsic component of plasma membrane","5/45","271/25052",0.000122444951827364,0.00110200456644628,0.000515557691904691,"NA/NA/AtSWEET11/NA/AtSWEET12",5
"GO:0031225","GO:0031225","anchored component of membrane","4/45","314/25052",0.00240729504246681,0.0108328276911007,0.00506798956308803,"NA/NA/NA/NA",4
"GO:0000148","GO:0000148","1,3-beta-D-glucan synthase complex","1/45","12/25052",0.0213481230255567,0.038426621446002,0.0179773667583635,"ATGSL04",1
