"","ID","Description","GeneRatio","BgRatio","pvalue","p.adjust","qvalue","geneID","Count"
"GO:0031226","GO:0031226","intrinsic component of plasma membrane","5/45","271/25052",0.000122444951827364,0.00110200456644628,0.000515557691904691,"NA/NA/AtSWEET11/NA/AtSWEET12",5
"GO:0031225","GO:0031225","anchored component of membrane","4/45","314/25052",0.00240729504246681,0.0108328276911007,0.00506798956308803,"NA/NA/NA/NA",4
"GO:0046658","GO:0046658","anchored component of plasma membrane","3/45","173/25052",0.00371192817373755,0.0111357845212126,0.0052097237526141,"NA/NA/NA",3
"GO:0005887","GO:0005887","integral component of plasma membrane","2/45","97/25052",0.0131833005948924,0.0296624263385078,0.0138771585209393,"AtSWEET11/AtSWEET12",2
"GO:0000148","GO:0000148","1,3-beta-D-glucan synthase complex","1/45","12/25052",0.0213481230255567,0.038426621446002,0.0179773667583635,"ATGSL04",1
"GO:0098797","GO:0098797","plasma membrane protein complex","1/45","33/25052",0.0576400509999792,0.0864600764999687,0.0404491585964766,"ATGSL04",1
"GO:0016021","GO:0016021","integral component of membrane","2/45","418/25052",0.172813063734424,0.222188224801402,0.103947707509428,"AtSWEET11/AtSWEET12",2
"GO:0005777","GO:0005777","peroxisome","1/45","324/25052",0.443620183485882,0.443620183485882,0.207541606309184,"NA",1
"GO:0042579","GO:0042579","microbody","1/45","324/25052",0.443620183485882,0.443620183485882,0.207541606309184,"NA",1
