"","ID","Description","GeneRatio","BgRatio","pvalue","p.adjust","qvalue","geneID","Count"
"GO:0003008","GO:0003008","system process","3/67","21/21826",3.53446766268568e-05,0.00237516226932477,0.00209091665939932,"ATSUC2/NAKR1/AAP2",3
"GO:0003013","GO:0003013","circulatory system process","3/67","21/21826",3.53446766268568e-05,0.00237516226932477,0.00209091665939932,"ATSUC2/NAKR1/AAP2",3
"GO:0003018","GO:0003018","vascular process in circulatory system","3/67","21/21826",3.53446766268568e-05,0.00237516226932477,0.00209091665939932,"ATSUC2/NAKR1/AAP2",3
"GO:0010232","GO:0010232","vascular transport","3/67","21/21826",3.53446766268568e-05,0.00237516226932477,0.00209091665939932,"ATSUC2/NAKR1/AAP2",3
"GO:0010233","GO:0010233","phloem transport","3/67","21/21826",3.53446766268568e-05,0.00237516226932477,0.00209091665939932,"ATSUC2/NAKR1/AAP2",3
"GO:0000122","GO:0000122","negative regulation of transcription by RNA polymerase II","3/67","48/21826",0.000433199435119307,0.0242591683666812,0.0213559721523729,"GRXC11/GRXS5/ROXY10",3
"GO:0010088","GO:0010088","phloem development","2/67","12/21826",0.000600635193450842,0.0288304892856404,0.0253802239638627,"APL/DAR2",2
