"","ID","Description","GeneRatio","BgRatio","pvalue","p.adjust","qvalue","geneID","Count"
"GO:0003008","GO:0003008","system process","3/66","21/21826",3.37829712612543e-05,0.00226345907450404,0.00199852945777104,"ATSUC2/NAKR1/AAP2",3
"GO:0003013","GO:0003013","circulatory system process","3/66","21/21826",3.37829712612543e-05,0.00226345907450404,0.00199852945777104,"ATSUC2/NAKR1/AAP2",3
"GO:0003018","GO:0003018","vascular process in circulatory system","3/66","21/21826",3.37829712612543e-05,0.00226345907450404,0.00199852945777104,"ATSUC2/NAKR1/AAP2",3
"GO:0010232","GO:0010232","vascular transport","3/66","21/21826",3.37829712612543e-05,0.00226345907450404,0.00199852945777104,"ATSUC2/NAKR1/AAP2",3
"GO:0010233","GO:0010233","phloem transport","3/66","21/21826",3.37829712612543e-05,0.00226345907450404,0.00199852945777104,"ATSUC2/NAKR1/AAP2",3
"GO:0000122","GO:0000122","negative regulation of transcription by RNA polymerase II","3/66","48/21826",0.000414440636654909,0.0231396022132324,0.0204311962982508,"GRXC11/GRXS5/ROXY10",3
