"","ID","Description","GeneRatio","BgRatio","pvalue","p.adjust","qvalue","geneID","Count"
"GO:0010374","GO:0010374","stomatal complex development","4/24","66/21826",7.74134136511829e-07,0.000111475315657703,8.63770720739515e-05,"AtSDD1/NA/atEPF1/MUTE",4
"GO:0010103","GO:0010103","stomatal complex morphogenesis","3/24","30/21826",4.65115119164805e-06,0.000334882885798659,0.000259485277007733,"AtSDD1/NA/atEPF1",3
"GO:0090558","GO:0090558","plant epidermis development","5/24","283/21826",1.22858596327877e-05,0.000589721262373808,0.000456947761780875,"AtSDD1/NA/atEPF1/MUTE/MDIS2",5
"GO:0090698","GO:0090698","post-embryonic plant morphogenesis","4/24","201/21826",6.42007617017023e-05,0.00231122742126128,0.0017908633527317,"AtSDD1/NA/atEPF1/ATNEK5",4
"GO:0090627","GO:0090627","plant epidermal cell differentiation","3/24","172/21826",0.000861759101392982,0.0158596449871011,0.0122889062034555,"NA/atEPF1/MDIS2",3
"GO:0045168","GO:0045168","cell-cell signaling involved in cell fate commitment","2/24","40/21826",0.000881091388172282,0.0158596449871011,0.0122889062034555,"CLE9/CLE10",2
"GO:0010016","GO:0010016","shoot system morphogenesis","3/24","199/21826",0.0013120509832846,0.0209928157325536,0.0162663630676219,"AtSDD1/NA/atEPF1",3
