"","ID","Description","GeneRatio","BgRatio","pvalue","p.adjust","qvalue","geneID","Count"
"GO:0008236","GO:0008236","serine-type peptidase activity","3/27","190/21809",0.00163195166912612,0.0342709850516486,0.0223319702090943,"ATSBT1.1/scpl20/NA",3
"GO:0017171","GO:0017171","serine hydrolase activity","3/27","190/21809",0.00163195166912612,0.0342709850516486,0.0223319702090943,"ATSBT1.1/scpl20/NA",3
