"","ID","Description","GeneRatio","BgRatio","pvalue","p.adjust","qvalue","geneID","Count"
"GO:0097599","GO:0097599","xylanase activity","2/31","19/21809",0.000329369262330825,0.0194327864775187,0.0124813615199049,"ATXYN1/ARAF",2
"GO:0016413","GO:0016413","O-acetyltransferase activity","2/31","51/21809",0.00238727043477231,0.0469496518838553,0.0301549949655449,"TBL34/TBL3",2
