"","ID","Description","GeneRatio","BgRatio","pvalue","p.adjust","qvalue","geneID","Count"
"GO:0000122","GO:0000122","negative regulation of transcription by RNA polymerase II","3/35","48/21826",6.21808644325907e-05,0.0129336198019789,0.00903258872810265,"GRXC11/GRXS5/ROXY10",3
"GO:0003008","GO:0003008","system process","2/35","21/21826",0.000514662368130109,0.0178416287618438,0.0124602468073605,"ATSUC2/AAP2",2
"GO:0003013","GO:0003013","circulatory system process","2/35","21/21826",0.000514662368130109,0.0178416287618438,0.0124602468073605,"ATSUC2/AAP2",2
"GO:0003018","GO:0003018","vascular process in circulatory system","2/35","21/21826",0.000514662368130109,0.0178416287618438,0.0124602468073605,"ATSUC2/AAP2",2
"GO:0010232","GO:0010232","vascular transport","2/35","21/21826",0.000514662368130109,0.0178416287618438,0.0124602468073605,"ATSUC2/AAP2",2
"GO:0010233","GO:0010233","phloem transport","2/35","21/21826",0.000514662368130109,0.0178416287618438,0.0124602468073605,"ATSUC2/AAP2",2
