"","ID","Description","GeneRatio","BgRatio","pvalue","p.adjust","qvalue","geneID","Count"
"GO:0102336","GO:0102336","3-oxo-arachidoyl-CoA synthase activity","4/115","23/21809",6.0121768829501e-06,0.000249505340642429,0.000219919101771069,"KCS8/FDH/HIC/KCS16",4
"GO:0102337","GO:0102337","3-oxo-cerotoyl-CoA synthase activity","4/115","23/21809",6.0121768829501e-06,0.000249505340642429,0.000219919101771069,"KCS8/FDH/HIC/KCS16",4
"GO:0102338","GO:0102338","3-oxo-lignoceronyl-CoA synthase activity","4/115","23/21809",6.0121768829501e-06,0.000249505340642429,0.000219919101771069,"KCS8/FDH/HIC/KCS16",4
"GO:0102756","GO:0102756","very-long-chain 3-ketoacyl-CoA synthase activity","4/115","23/21809",6.0121768829501e-06,0.000249505340642429,0.000219919101771069,"KCS8/FDH/HIC/KCS16",4
"GO:0019187","GO:0019187","beta-1,4-mannosyltransferase activity","4/115","27/21809",1.17233243183688e-05,0.000324345306141537,0.000285884575483028,"ATCSLA03/AtMSR1/ATCSLA09/ATCSLA02",4
"GO:0051753","GO:0051753","mannan synthase activity","4/115","27/21809",1.17233243183688e-05,0.000324345306141537,0.000285884575483028,"ATCSLA03/AtMSR1/ATCSLA09/ATCSLA02",4
"GO:0004029","GO:0004029","aldehyde dehydrogenase (NAD+) activity","2/115","12/21809",0.00175749155169275,0.0324159552867774,0.0285720848754728,"ALDH1A/ALDH3F1",2
"GO:0004030","GO:0004030","aldehyde dehydrogenase [NAD(P)+] activity","2/115","12/21809",0.00175749155169275,0.0324159552867774,0.0285720848754728,"ALDH1A/ALDH3F1",2
