"","ID","Description","GeneRatio","BgRatio","pvalue","p.adjust","qvalue","geneID","Count"
"GO:0004312","GO:0004312","fatty acid synthase activity","3/63","27/21809",6.39490149201571e-05,0.00565948070260765,0.00420899594587526,"DAISY/NA/KCS20",3
"GO:0008289","GO:0008289","lipid binding","6/63","268/21809",0.000123032189187123,0.00565948070260765,0.00420899594587526,"HDG12/LTPG1/LTPG2/PDF2/ATML1/HB-7",6
"GO:0003996","GO:0003996","acyl-CoA ligase activity","2/63","10/21809",0.000364093151388134,0.00669931398554167,0.00498232733478499,"LACS2/CER8",2
"GO:0004467","GO:0004467","long-chain fatty acid-CoA ligase activity","2/63","10/21809",0.000364093151388134,0.00669931398554167,0.00498232733478499,"LACS2/CER8",2
"GO:0000981","GO:0000981","DNA-binding transcription factor activity, RNA polymerase II-specific","4/63","272/21809",0.00792409553652675,0.0455635493350288,0.0338859348601473,"HDG12/PDF2/ATML1/HB-7",4
