"","ID","Description","GeneRatio","BgRatio","pvalue","p.adjust","qvalue","geneID","Count"
"GO:0033612","GO:0033612","receptor serine/threonine kinase binding","3/43","45/21809",9.56210262139808e-05,0.00286863078641942,0.00181176681247543,"CLE45/CLE42/CLE25",3
"GO:0005089","GO:0005089","Rho guanyl-nucleotide exchange factor activity","2/43","16/21809",0.000447741923672664,0.00671612885508997,0.0042417655926884,"ATROPGEF2/ATROPGEF3",2
"GO:0017048","GO:0017048","Rho GTPase binding","2/43","24/21809",0.00101954740910874,0.00764660556831555,0.00482943509577824,"ATROPGEF2/ATROPGEF3",2
