"","ID","Description","GeneRatio","BgRatio","pvalue","p.adjust","qvalue","geneID","Count"
"GO:0000325","GO:0000325","plant-type vacuole","4/36","177/25052",0.000118904759355079,0.00107014283419571,0.00062581452292147,"ESL1/ATOCT6/AtNCL/NPF5.12",4
"GO:0009705","GO:0009705","plant-type vacuole membrane","3/36","129/25052",0.000841104626962136,0.00378497082132961,0.00221343322884773,"ESL1/ATOCT6/NPF5.12",3
"GO:0031225","GO:0031225","anchored component of membrane","3/36","314/25052",0.0102585533947581,0.0307756601842744,0.0179974620960669,"NA/NA/NA",3
"GO:0046658","GO:0046658","anchored component of plasma membrane","2/36","173/25052",0.0256156817156844,0.0576352838602899,0.0337048443627427,"NA/NA",2
"GO:0031226","GO:0031226","intrinsic component of plasma membrane","2/36","271/25052",0.05773946616408,0.103931039095344,0.0607783854358737,"NA/NA",2
"GO:0099503","GO:0099503","secretory vesicle","1/36","173/25052",0.220919026665309,0.331378539997963,0.19378861988185,"ATPGIP1",1
"GO:0009505","GO:0009505","plant-type cell wall","1/36","235/25052",0.287894928547392,0.370150622418075,0.216462352291272,"ATPGIP1",1
"GO:0022626","GO:0022626","cytosolic ribosome","1/36","319/25052",0.369772711636122,0.415994300590637,0.243271520813238,"KCS1",1
"GO:0005840","GO:0005840","ribosome","1/36","388/25052",0.430114065511253,0.430114065511253,0.251528693281435,"KCS1",1
