"","ID","Description","GeneRatio","BgRatio","pvalue","p.adjust","qvalue","geneID","Count"
"GO:0000325","GO:0000325","plant-type vacuole","4/36","177/25052",0.000118904759355079,0.00107014283419571,0.00062581452292147,"ESL1/ATOCT6/AtNCL/NPF5.12",4
"GO:0009705","GO:0009705","plant-type vacuole membrane","3/36","129/25052",0.000841104626962136,0.00378497082132961,0.00221343322884773,"ESL1/ATOCT6/NPF5.12",3
"GO:0031225","GO:0031225","anchored component of membrane","3/36","314/25052",0.0102585533947581,0.0307756601842744,0.0179974620960669,"NA/NA/NA",3
