"","ID","Description","GeneRatio","BgRatio","pvalue","p.adjust","qvalue","geneID","Count"
"GO:0090575","GO:0090575","RNA polymerase II transcription regulator complex","1/67","85/25052",0.203887435337303,0.464750526250225,0.464750526250225,"NA",1
"GO:0031225","GO:0031225","anchored component of membrane","2/67","314/25052",0.205112464803882,0.464750526250225,0.464750526250225,"AtXYP2/AGP14",2
"GO:0005667","GO:0005667","transcription regulator complex","1/67","130/25052",0.294637367992792,0.464750526250225,0.464750526250225,"NA",1
"GO:0046658","GO:0046658","anchored component of plasma membrane","1/67","173/25052",0.37180042100018,0.464750526250225,0.464750526250225,"AtXYP2",1
"GO:0031226","GO:0031226","intrinsic component of plasma membrane","1/67","271/25052",0.517940613168583,0.517940613168583,0.517940613168583,"AtXYP2",1
