"","ID","Description","GeneRatio","BgRatio","pvalue","p.adjust","qvalue","geneID","Count"
"GO:0031225","GO:0031225","anchored component of membrane","2/63","314/25052",0.186903350090504,0.442622267574529,0.442622267574529,"AtXYP2/AGP14",2
"GO:0090575","GO:0090575","RNA polymerase II transcription regulator complex","1/63","85/25052",0.192962134950819,0.442622267574529,0.442622267574529,"NA",1
"GO:0005667","GO:0005667","transcription regulator complex","1/63","130/25052",0.279765560037287,0.442622267574529,0.442622267574529,"NA",1
"GO:0046658","GO:0046658","anchored component of plasma membrane","1/63","173/25052",0.354097814059623,0.442622267574529,0.442622267574529,"AtXYP2",1
"GO:0031226","GO:0031226","intrinsic component of plasma membrane","1/63","271/25052",0.496448511636969,0.496448511636969,0.496448511636969,"AtXYP2",1
