"","ID","Description","GeneRatio","BgRatio","pvalue","p.adjust","qvalue","geneID","Count"
"GO:0046982","GO:0046982","protein heterodimerization activity","14/31","125/21809",4.76220485917803e-24,1.23817326338629e-22,9.52440971835606e-23,"CENH3/HTB1/G-H2AX/HTA10/NA/NA/HTA13/HTB11/H2A.Z/HTA2/h2a.w.7/ATHTA1/h2a.w.6/HTB4",14
"GO:0003682","GO:0003682","chromatin binding","8/31","171/21809",8.19779012604421e-11,1.06571271638575e-09,8.19779012604421e-10,"HMGA/HMG/ORTH2/CMT1/HIS1-3/H1.2/h2a.w.7/h2a.w.6",8
"GO:0031491","GO:0031491","nucleosome binding","3/31","26/21809",6.61280199162161e-06,5.7310950594054e-05,4.40853466108108e-05,"HMGA/HIS1-3/H1.2",3
"GO:0031490","GO:0031490","chromatin DNA binding","3/31","38/21809",2.120954810973e-05,0.000137862062713245,0.00010604774054865,"HMGA/HIS1-3/H1.2",3
"GO:0044877","GO:0044877","protein-containing complex binding","3/31","233/21809",0.00433929896443814,0.0225643546150783,0.0173571958577526,"HMGA/HIS1-3/H1.2",3
