"","ID","Description","GeneRatio","BgRatio","pvalue","p.adjust","qvalue","geneID","Count"
"GO:0005992","GO:0005992","trehalose biosynthetic process","2/42","16/21826",0.000426439977816153,0.0224640648768971,0.0178286229181723,"ATTPPB/TPPH",2
"GO:0005991","GO:0005991","trehalose metabolic process","2/42","19/21826",0.000605456100709586,0.0224640648768971,0.0178286229181723,"ATTPPB/TPPH",2
"GO:0015770","GO:0015770","sucrose transport","2/42","20/21826",0.000671908659381758,0.0224640648768971,0.0178286229181723,"AtSWEET11/AtSWEET12",2
"GO:0015766","GO:0015766","disaccharide transport","2/42","22/21826",0.000814908755357153,0.0224640648768971,0.0178286229181723,"AtSWEET11/AtSWEET12",2
"GO:0015772","GO:0015772","oligosaccharide transport","2/42","23/21826",0.000891431145908616,0.0224640648768971,0.0178286229181723,"AtSWEET11/AtSWEET12",2
"GO:0051260","GO:0051260","protein homooligomerization","2/42","26/21826",0.00114093751932739,0.0239596879058752,0.0190156253221232,"AtSWEET11/AtSWEET12",2
"GO:0009312","GO:0009312","oligosaccharide biosynthetic process","2/42","38/21826",0.0024321168903481,0.0383058410229826,0.0304014611293513,"ATTPPB/TPPH",2
