"","ID","Description","GeneRatio","BgRatio","pvalue","p.adjust","qvalue","geneID","Count"
"GO:0031226","GO:0031226","intrinsic component of plasma membrane","5/42","271/25052",8.75377710187264e-05,0.000787839939168537,0.0003685800884999,"NA/NA/AtSWEET11/NA/AtSWEET12",5
"GO:0031225","GO:0031225","anchored component of membrane","4/42","314/25052",0.00186236150981904,0.00838062679418569,0.00392076107330325,"NA/NA/NA/NA",4
"GO:0000148","GO:0000148","1,3-beta-D-glucan synthase complex","1/42","12/25052",0.0199380184750449,0.0358884332550809,0.0167899102947747,"ATGSL04",1
