"","ID","Description","GeneRatio","BgRatio","pvalue","p.adjust","qvalue","geneID","Count"
"GO:0102336","GO:0102336","3-oxo-arachidoyl-CoA synthase activity","4/111","23/21809",5.22289204090743e-06,0.000211527127656751,0.000185550111979606,"KCS8/FDH/HIC/KCS16",4
"GO:0102337","GO:0102337","3-oxo-cerotoyl-CoA synthase activity","4/111","23/21809",5.22289204090743e-06,0.000211527127656751,0.000185550111979606,"KCS8/FDH/HIC/KCS16",4
"GO:0102338","GO:0102338","3-oxo-lignoceronyl-CoA synthase activity","4/111","23/21809",5.22289204090743e-06,0.000211527127656751,0.000185550111979606,"KCS8/FDH/HIC/KCS16",4
"GO:0102756","GO:0102756","very-long-chain 3-ketoacyl-CoA synthase activity","4/111","23/21809",5.22289204090743e-06,0.000211527127656751,0.000185550111979606,"KCS8/FDH/HIC/KCS16",4
"GO:0019187","GO:0019187","beta-1,4-mannosyltransferase activity","4/111","27/21809",1.01902410064934e-05,0.000275136507175321,0.000241347813311685,"ATCSLA03/AtMSR1/ATCSLA09/ATCSLA02",4
"GO:0051753","GO:0051753","mannan synthase activity","4/111","27/21809",1.01902410064934e-05,0.000275136507175321,0.000241347813311685,"ATCSLA03/AtMSR1/ATCSLA09/ATCSLA02",4
"GO:0004029","GO:0004029","aldehyde dehydrogenase (NAD+) activity","2/111","12/21809",0.00163884217180362,0.0294991590924651,0.0258764553442676,"ALDH1A/ALDH3F1",2
"GO:0004030","GO:0004030","aldehyde dehydrogenase [NAD(P)+] activity","2/111","12/21809",0.00163884217180362,0.0294991590924651,0.0258764553442676,"ALDH1A/ALDH3F1",2
"GO:0004364","GO:0004364","glutathione transferase activity","3/111","59/21809",0.00339101274580114,0.0499403695290713,0.0438073416921678,"ATGSTU26/ATGSTF10/ATGSTU27",3
