"","ID","Description","GeneRatio","BgRatio","pvalue","p.adjust","qvalue","geneID","Count"
"GO:0052545","GO:0052545","callose localization","3/59","45/21826",0.00024558550192241,0.0175597450873571,0.0147244963265974,"ATGSL07/ATSUS6/ATSUS5",3
"GO:0033037","GO:0033037","polysaccharide localization","3/59","48/21826",0.000297622798090799,0.0175597450873571,0.0147244963265974,"ATGSL07/ATSUS6/ATSUS5",3
"GO:0010088","GO:0010088","phloem development","2/59","12/21826",0.000465943515817194,0.018327111622143,0.0153679615743215,"AtSEOR2/AtSEOR1",2
