"","ID","Description","GeneRatio","BgRatio","pvalue","p.adjust","qvalue","geneID","Count"
"GO:0005797","GO:0005797","Golgi medial cisterna","3/87","60/25052",0.00119989930183069,0.0305630579660621,0.0239225015118974,"NA/AtMSR1/ATCSLA02",3
"GO:0019897","GO:0019897","extrinsic component of plasma membrane","2/87","17/25052",0.0015673363059519,0.0305630579660621,0.0239225015118974,"SAUR78/AtSAUR76",2
