"","ID","Description","GeneRatio","BgRatio","pvalue","p.adjust","qvalue","geneID","Count"
"GO:0005976","GO:0005976","polysaccharide metabolic process","9/79","442/21826",3.10199830458706e-05,0.0111671938965134,0.0099590471884111,"XTH8/AtERF014/NA/PME12/AtXTH32/NA/AtMSR1/AT-BETA-AMY/XTH7",9
"GO:0001558","GO:0001558","regulation of cell growth","5/79","116/21826",6.40464800057156e-05,0.0115283664010288,0.0102811454746017,"SAUR78/WDL3/TRM5/AtLNG1/AtSAUR76",5
"GO:0040008","GO:0040008","regulation of growth","6/79","238/21826",0.000225811488137865,0.0260868765654521,0.0232646121417043,"SAUR78/WDL3/TRM5/JKD/AtLNG1/AtSAUR76",6
"GO:0022603","GO:0022603","regulation of anatomical structure morphogenesis","5/79","178/21826",0.000471983852587291,0.0283190311552374,0.0252552763226533,"ABS4/WDL3/AtGATA18/TRM5/AtLNG1",5
