"","ID","Description","GeneRatio","BgRatio","pvalue","p.adjust","qvalue","geneID","Count"
"GO:0008422","GO:0008422","beta-glucosidase activity","3/46","111/21809",0.0016610537345314,0.0302020488767415,0.0209155463135329,"NA/NA/BGLC1",3
"GO:0004252","GO:0004252","serine-type endopeptidase activity","3/46","122/21809",0.00217545062009868,0.0302020488767415,0.0209155463135329,"NA/SBT1.8/NA",3
"GO:0015926","GO:0015926","glucosidase activity","3/46","126/21809",0.00238437227974275,0.0302020488767415,0.0209155463135329,"NA/NA/BGLC1",3
"GO:0017171","GO:0017171","serine hydrolase activity","3/46","190/21809",0.00750457757978839,0.0438329620341388,0.0303552368657471,"NA/SBT1.8/NA",3
"GO:0030247","GO:0030247","polysaccharide binding","2/46","64/21809",0.00807449300628872,0.0438329620341388,0.0303552368657471,"PDCB4/PDCB5",2
