"","ID","Description","GeneRatio","BgRatio","pvalue","p.adjust","qvalue","geneID","Count"
"GO:0007135","GO:0007135","meiosis II","2/47","28/21826",0.00165543979552916,0.0438755397068769,0.0330538121630755,"NA/NA",2
"GO:0007140","GO:0007140","male meiotic nuclear division","2/47","28/21826",0.00165543979552916,0.0438755397068769,0.0330538121630755,"NA/NA",2
"GO:0061983","GO:0061983","meiosis II cell cycle process","2/47","28/21826",0.00165543979552916,0.0438755397068769,0.0330538121630755,"NA/NA",2
"GO:0007052","GO:0007052","mitotic spindle organization","2/47","30/21826",0.00189985487916939,0.0438755397068769,0.0330538121630755,"AtAUR2/AtAUR1",2
"GO:1902850","GO:1902850","microtubule cytoskeleton organization involved in mitosis","2/47","33/21826",0.00229657213472977,0.0438755397068769,0.0330538121630755,"AtAUR2/AtAUR1",2
"GO:0010583","GO:0010583","response to cyclopentenone","2/47","35/21826",0.00258091410040452,0.0438755397068769,0.0330538121630755,"AGP17/NA",2
