"","ID","Description","GeneRatio","BgRatio","pvalue","p.adjust","qvalue","geneID","Count"
"GO:0046982","GO:0046982","protein heterodimerization activity","14/30","125/21809",2.62400892613439e-24,6.82242320794942e-23,5.24801785226878e-23,"CENH3/HTB1/G-H2AX/HTA10/NA/NA/HTA13/HTB11/H2A.Z/HTA2/h2a.w.7/ATHTA1/h2a.w.6/HTB4",14
"GO:0003682","GO:0003682","chromatin binding","8/30","171/21809",6.12288498981007e-11,7.95975048675309e-10,6.12288498981007e-10,"HMGA/HMG/ORTH2/CMT1/HIS1-3/H1.2/h2a.w.7/h2a.w.6",8
"GO:0031491","GO:0031491","nucleosome binding","3/30","26/21809",5.97757999365161e-06,5.1805693278314e-05,3.98505332910108e-05,"HMGA/HIS1-3/H1.2",3
"GO:0031490","GO:0031490","chromatin DNA binding","3/30","38/21809",1.91800726128206e-05,0.000124670471983334,9.59003630641029e-05,"HMGA/HIS1-3/H1.2",3
"GO:0044877","GO:0044877","protein-containing complex binding","3/30","233/21809",0.00395018642404119,0.0205409694050142,0.0158007456961648,"HMGA/HIS1-3/H1.2",3
