"","ID","Description","GeneRatio","BgRatio","pvalue","p.adjust","qvalue","geneID","Count"
"GO:0005615","GO:0005615","extracellular space","2/35","130/25052",0.0142164843183206,0.0710824215916028,0.0598588813402971,"CLEL/CLEL",2
"GO:0009705","GO:0009705","plant-type vacuole membrane","1/35","129/25052",0.165409247865531,0.274874365549792,0.231473149936667,"UMAMIT5",1
"GO:0099503","GO:0099503","secretory vesicle","1/35","173/25052",0.215493933750041,0.274874365549792,0.231473149936667,"ATTLL1",1
"GO:0000325","GO:0000325","plant-type vacuole","1/35","177/25052",0.219899492439834,0.274874365549792,0.231473149936667,"UMAMIT5",1
"GO:0009505","GO:0009505","plant-type cell wall","1/35","235/25052",0.281142257584944,0.281142257584944,0.236751374808374,"BDX",1
