"","ID","Description","GeneRatio","BgRatio","pvalue","p.adjust","qvalue","geneID","Count"
"GO:0051213","GO:0051213","dioxygenase activity","3/34","115/21809",0.000758643563105755,0.0321139638337244,0.0255409303005059,"JMJ30/DIN11/AT2301",3
"GO:0030545","GO:0030545","receptor regulator activity","2/34","56/21809",0.0034463728524831,0.0321139638337244,0.0255409303005059,"CLEL/CLEL",2
"GO:0030546","GO:0030546","signaling receptor activator activity","2/34","56/21809",0.0034463728524831,0.0321139638337244,0.0255409303005059,"CLEL/CLEL",2
"GO:0048018","GO:0048018","receptor ligand activity","2/34","56/21809",0.0034463728524831,0.0321139638337244,0.0255409303005059,"CLEL/CLEL",2
"GO:0016706","GO:0016706","2-oxoglutarate-dependent dioxygenase activity","2/34","57/21809",0.00356821820374715,0.0321139638337244,0.0255409303005059,"JMJ30/AT2301",2
