"","ID","Description","GeneRatio","BgRatio","pvalue","p.adjust","qvalue","geneID","Count"
"GO:0120013","GO:0120013","lipid transfer activity","2/49","15/21809",0.000509640700152109,0.0126501975698655,0.00981178758881534,"ATSFH3/NA",2
"GO:0120014","GO:0120014","phospholipid transfer activity","2/49","15/21809",0.000509640700152109,0.0126501975698655,0.00981178758881534,"ATSFH3/NA",2
"GO:0005548","GO:0005548","phospholipid transporter activity","2/49","19/21809",0.000825236356895474,0.0126501975698655,0.00981178758881534,"ATSFH3/NA",2
"GO:0005507","GO:0005507","copper ion binding","4/49","191/21809",0.000887733162797579,0.0126501975698655,0.00981178758881534,"ACO2/BGLU23/JAL31/JAL34",4
"GO:0005381","GO:0005381","iron ion transmembrane transporter activity","2/49","23/21809",0.00121398038438226,0.0138393763819577,0.0107341423461168,"MEB1/MEB2",2
"GO:0016746","GO:0016746","transferase activity, transferring acyl groups","5/49","404/21809",0.00207736705856674,0.0157163320322482,0.0121899528227964,"ATGPAT2/AtCER6/NA/NA/NA",5
"GO:0005199","GO:0005199","structural constituent of cell wall","2/49","31/21809",0.0022058009869822,0.0157163320322482,0.0121899528227964,"AT-EXP10/ATGRP-5",2
