"","ID","Description","GeneRatio","BgRatio","pvalue","p.adjust","qvalue","geneID","Count"
"GO:0010168","GO:0010168","ER body","5/61","12/25052",5.65787555339307e-11,9.05260088542891e-10,7.14679017270703e-10,"ERMO3/BGLU23/NAI2/MEB1/MEB2",5
"GO:0009986","GO:0009986","cell surface","3/61","19/25052",1.29452881953923e-05,0.000103562305563139,8.17597149182675e-05,"ANNAT4/ANN3/ANNAT2",3
"GO:0000325","GO:0000325","plant-type vacuole","3/61","177/25052",0.00924448811023675,0.0493039365879294,0.0389241604641548,"ATOCT3/ERMO3/ATGRP-5",3
