"","ID","Description","GeneRatio","BgRatio","pvalue","p.adjust","qvalue","geneID","Count"
"GO:0010168","GO:0010168","ER body","5/58","12/25052",4.36082534627566e-11,6.97732055404105e-10,5.967445210693e-10,"ERMO3/BGLU23/NAI2/MEB1/MEB2",5
"GO:0009986","GO:0009986","cell surface","2/58","19/25052",0.000878281722658347,0.00702625378126678,0.00600929599713606,"ANN3/ANNAT2",2
