"","ID","Description","GeneRatio","BgRatio","pvalue","p.adjust","qvalue","geneID","Count"
"GO:0010374","GO:0010374","stomatal complex development","8/41","66/21826",3.97903176016321e-13,8.435547331546e-11,5.73818264360378e-11,"EPF2/AtRLP17/SOL1/ATICE1/CYCD3/ERL2/SPCH/ERL1",8
"GO:0090558","GO:0090558","plant epidermis development","9/41","283/21826",2.22291240405178e-09,2.35628714829489e-07,1.60283683871102e-07,"HDG2/EPF2/AtRLP17/SOL1/ATICE1/CYCD3/ERL2/SPCH/ERL1",9
"GO:0010103","GO:0010103","stomatal complex morphogenesis","4/41","30/21826",2.8341412243163e-07,2.00279313185018e-05,1.36237665870643e-05,"EPF2/AtRLP17/ERL2/ERL1",4
"GO:0090698","GO:0090698","post-embryonic plant morphogenesis","5/41","201/21826",3.60708369866663e-05,0.00127450290686221,0.000866965731083031,"EPF2/AtRLP17/ATICE1/ERL2/ERL1",5
"GO:0010016","GO:0010016","shoot system morphogenesis","4/41","199/21826",0.00052145543017197,0.0138185688995572,0.00939992025441578,"EPF2/AtRLP17/ERL2/ERL1",4
"GO:0010375","GO:0010375","stomatal complex patterning","2/41","20/21826",0.000640264583823581,0.015081787974511,0.0102592102905065,"AtRLP17/SOL1",2
"GO:0008356","GO:0008356","asymmetric cell division","2/41","27/21826",0.00117299954622174,0.0240549349849944,0.0163630888428214,"AtRLP17/POLAR",2
"GO:0009735","GO:0009735","response to cytokinin","3/41","113/21826",0.00124813341903273,0.0240549349849944,0.0163630888428214,"ARR16/CYCD3/ABIG1",3
