"","ID","Description","GeneRatio","BgRatio","pvalue","p.adjust","qvalue","geneID","Count"
"GO:0005938","GO:0005938","cell cortex","3/43","125/25052",0.00129362109467574,0.0333187122698246,0.0204588584112958,"VETH2/NA/BASL",3
"GO:0055028","GO:0055028","cortical microtubule","2/43","49/25052",0.00321534869638261,0.0333187122698246,0.0204588584112958,"VETH2/NA",2
"GO:0030981","GO:0030981","cortical microtubule cytoskeleton","2/43","52/25052",0.0036136760806114,0.0333187122698246,0.0204588584112958,"VETH2/NA",2
"GO:0005881","GO:0005881","cytoplasmic microtubule","2/43","56/25052",0.00417869232935307,0.0333187122698246,0.0204588584112958,"VETH2/NA",2
"GO:0030863","GO:0030863","cortical cytoskeleton","2/43","59/25052",0.00462759892636453,0.0333187122698246,0.0204588584112958,"VETH2/NA",2
