"","ID","Description","GeneRatio","BgRatio","pvalue","p.adjust","qvalue","geneID","Count"
"GO:0052689","GO:0052689","carboxylic ester hydrolase activity","5/47","229/21809",0.000130850661881386,0.0130889415923541,0.00965735975825435,"ATCLH1/ATPME3/PGL2/ATMES9/PGL5",5
"GO:0005509","GO:0005509","calcium ion binding","5/47","262/21809",0.000244653113875777,0.0130889415923541,0.00965735975825435,"AtCRT1b/AtTSA1/AtCRT1a/CML39/ATELP",5
"GO:0003756","GO:0003756","protein disulfide isomerase activity","2/47","23/21809",0.00111734341382692,0.02988893631987,0.0220528305360575,"ATPDI6/ATPDI11",2
"GO:0016864","GO:0016864","intramolecular oxidoreductase activity, transposing S-S bonds","2/47","23/21809",0.00111734341382692,0.02988893631987,0.0220528305360575,"ATPDI6/ATPDI11",2
