"","ID","Description","GeneRatio","BgRatio","pvalue","p.adjust","qvalue","geneID","Count"
"GO:0009986","GO:0009986","cell surface","1/35","19/25052",0.0262229483171548,0.131114741585774,0.110412413966967,"AtAUX1",1
"GO:0046658","GO:0046658","anchored component of plasma membrane","1/35","173/25052",0.215493933750041,0.444503963857269,0.374319127458753,"NA",1
"GO:0031226","GO:0031226","intrinsic component of plasma membrane","1/35","271/25052",0.316777816504167,0.444503963857269,0.374319127458753,"NA",1
"GO:0031225","GO:0031225","anchored component of membrane","1/35","314/25052",0.357097182639691,0.444503963857269,0.374319127458753,"NA",1
"GO:0005768","GO:0005768","endosome","1/35","417/25052",0.444503963857269,0.444503963857269,0.374319127458753,"AtAUX1",1
