"","ID","Description","GeneRatio","BgRatio","pvalue","p.adjust","qvalue","geneID","Count"
"GO:0004867","GO:0004867","serine-type endopeptidase inhibitor activity","2/38","20/21809",0.000550664067758502,0.014470722798377,0.00776550655846855,"NA/NA",2
"GO:0004866","GO:0004866","endopeptidase inhibitor activity","2/38","28/21809",0.00108594449816067,0.014470722798377,0.00776550655846855,"NA/NA",2
"GO:0061135","GO:0061135","endopeptidase regulator activity","2/38","29/21809",0.00116510462050293,0.014470722798377,0.00776550655846855,"NA/NA",2
"GO:0030414","GO:0030414","peptidase inhibitor activity","2/38","30/21809",0.00124695637392366,0.014470722798377,0.00776550655846855,"NA/NA",2
"GO:0061134","GO:0061134","peptidase regulator activity","2/38","32/21809",0.00141869831356637,0.014470722798377,0.00776550655846855,"NA/NA",2
"GO:0051020","GO:0051020","GTPase binding","3/38","138/21809",0.00177836391791393,0.0151160933022684,0.00811183541504601,"NA/ATROPGEF4/NA",3
"GO:0004553","GO:0004553","hydrolase activity, hydrolyzing O-glycosyl compounds","4/38","393/21809",0.00472554642553415,0.0301253584627802,0.0161663430347221,"NA/MANIA/AtGH9B18/BGLU37",4
