"","ID","Description","GeneRatio","BgRatio","pvalue","p.adjust","qvalue","geneID","Count"
"GO:0004857","GO:0004857","enzyme inhibitor activity","5/68","208/21809",0.000481410249529413,0.0419951193261368,0.0379947143098585,"ATPME1/NA/NA/PYL13/PMEI13",5
"GO:0030234","GO:0030234","enzyme regulator activity","7/68","476/21809",0.000694134203737799,0.0419951193261368,0.0379947143098585,"ATPME1/NA/NA/CML41/PYL13/ATBAG3/PMEI13",7
