"","ID","Description","GeneRatio","BgRatio","pvalue","p.adjust","qvalue","geneID","Count"
"GO:0009813","GO:0009813","flavonoid biosynthetic process","4/36","78/21826",8.14942022487175e-06,0.00168135131944058,0.0012058933638093,"ATRHM1/A11/AtCHIL/ATMYB111",4
"GO:0009943","GO:0009943","adaxial/abaxial axis specification","3/36","28/21826",1.31224770224792e-05,0.00168135131944058,0.0012058933638093,"AS2/ATHB-14/ZPR1",3
"GO:0009812","GO:0009812","flavonoid metabolic process","4/36","94/21826",1.7098487994311e-05,0.00168135131944058,0.0012058933638093,"ATRHM1/A11/AtCHIL/ATMYB111",4
"GO:0009411","GO:0009411","response to UV","4/36","126/21826",5.40545531864636e-05,0.00318921863800135,0.00228736109273246,"DRT100/A11/CBB3/ATMYB111",4
"GO:0048437","GO:0048437","floral organ development","4/36","255/21826",0.000798937054073586,0.0157124287301139,0.0112692173943011,"AS2/ATHB-14/ATWRKY70/CBB3",4
"GO:0009733","GO:0009733","response to auxin","4/36","337/21826",0.00222711263102035,0.0386469544794708,0.0277182438907177,"ATRHM1/A11/SAUR16/AIL5",4
