"","ID","Description","GeneRatio","BgRatio","pvalue","p.adjust","qvalue","geneID","Count"
"GO:0016872","GO:0016872","intramolecular lyase activity","2/37","12/21809",0.000182872856086998,0.0113381170773939,0.00846990070297676,"A11/AtCHIL",2
"GO:0016616","GO:0016616","oxidoreductase activity, acting on the CH-OH group of donors, NAD or NADP as acceptor","3/37","168/21809",0.00287844026705672,0.0498543125527946,0.0372426103959756,"NA/AtFDH1/NA",3
"GO:0020037","GO:0020037","heme binding","4/37","370/21809",0.0034603106392363,0.0498543125527946,0.0372426103959756,"ATT1/Prx37/CYP81D4/CBB3",4
"GO:0016705","GO:0016705","oxidoreductase activity, acting on paired donors, with incorporation or reduction of molecular oxygen","4/37","392/21809",0.00424958105037685,0.0498543125527946,0.0372426103959756,"ADS1/ATT1/CYP81D4/CBB3",4
"GO:0046906","GO:0046906","tetrapyrrole binding","4/37","393/21809",0.00428811357390128,0.0498543125527946,0.0372426103959756,"ATT1/Prx37/CYP81D4/CBB3",4
"GO:0016614","GO:0016614","oxidoreductase activity, acting on CH-OH group of donors","3/37","202/21809",0.00482461089220593,0.0498543125527946,0.0372426103959756,"NA/AtFDH1/NA",3
