"","ID","Description","GeneRatio","BgRatio","pvalue","p.adjust","qvalue","geneID","Count"
"GO:0003008","GO:0003008","system process","3/69","21/21826",3.86088982223191e-05,0.00270262287556233,0.00236530302793576,"ATSUC2/NAKR1/AAP2",3
"GO:0003013","GO:0003013","circulatory system process","3/69","21/21826",3.86088982223191e-05,0.00270262287556233,0.00236530302793576,"ATSUC2/NAKR1/AAP2",3
"GO:0003018","GO:0003018","vascular process in circulatory system","3/69","21/21826",3.86088982223191e-05,0.00270262287556233,0.00236530302793576,"ATSUC2/NAKR1/AAP2",3
"GO:0010232","GO:0010232","vascular transport","3/69","21/21826",3.86088982223191e-05,0.00270262287556233,0.00236530302793576,"ATSUC2/NAKR1/AAP2",3
"GO:0010233","GO:0010233","phloem transport","3/69","21/21826",3.86088982223191e-05,0.00270262287556233,0.00236530302793576,"ATSUC2/NAKR1/AAP2",3
"GO:0000122","GO:0000122","negative regulation of transcription by RNA polymerase II","3/69","48/21826",0.000472335051688169,0.0275528780151432,0.0241139473756592,"GRXC11/GRXS5/ROXY10",3
"GO:0010088","GO:0010088","phloem development","2/69","12/21826",0.000636919783586007,0.0318459891793004,0.0278712266200794,"APL/DAR2",2
