"","ID","Description","GeneRatio","BgRatio","pvalue","p.adjust","qvalue","geneID","Count"
"GO:0015035","GO:0015035","protein disulfide oxidoreductase activity","6/71","66/21809",7.4737730786319e-08,7.69798627099085e-06,6.92307400968007e-06,"CEPD1/ROXY7/GRXC11/GRXS4/GRXS5/ROXY10",6
"GO:0009055","GO:0009055","electron transfer activity","6/71","159/21809",1.32311271763916e-05,0.000340701524792083,0.000306405050400647,"CEPD1/ROXY7/GRXC11/GRXS4/GRXS5/ROXY10",6
"GO:0009927","GO:0009927","histidine phosphotransfer kinase activity","2/71","12/21809",0.000675285618185236,0.0139108837346159,0.0125105546105896,"AHP4/AHP1",2
