"","ID","Description","GeneRatio","BgRatio","pvalue","p.adjust","qvalue","geneID","Count"
"GO:0102336","GO:0102336","3-oxo-arachidoyl-CoA synthase activity","5/115","23/21809",1.16493992595409e-07,4.89274768900716e-06,4.35319656540737e-06,"DAISY/KCS8/FDH/HIC/KCS16",5
"GO:0102337","GO:0102337","3-oxo-cerotoyl-CoA synthase activity","5/115","23/21809",1.16493992595409e-07,4.89274768900716e-06,4.35319656540737e-06,"DAISY/KCS8/FDH/HIC/KCS16",5
"GO:0102338","GO:0102338","3-oxo-lignoceronyl-CoA synthase activity","5/115","23/21809",1.16493992595409e-07,4.89274768900716e-06,4.35319656540737e-06,"DAISY/KCS8/FDH/HIC/KCS16",5
"GO:0102756","GO:0102756","very-long-chain 3-ketoacyl-CoA synthase activity","5/115","23/21809",1.16493992595409e-07,4.89274768900716e-06,4.35319656540737e-06,"DAISY/KCS8/FDH/HIC/KCS16",5
"GO:0004029","GO:0004029","aldehyde dehydrogenase (NAD+) activity","2/115","12/21809",0.00175749155169275,0.0369073225855478,0.0328373421500488,"ALDH1A/ALDH3F1",2
"GO:0004030","GO:0004030","aldehyde dehydrogenase [NAD(P)+] activity","2/115","12/21809",0.00175749155169275,0.0369073225855478,0.0328373421500488,"ALDH1A/ALDH3F1",2
