"","ID","Description","GeneRatio","BgRatio","pvalue","p.adjust","qvalue","geneID","Count"
"GO:0000790","GO:0000790","nuclear chromatin","3/44","150/25052",0.0023278751922996,0.0279345023075952,0.0196031595141019,"KNAT6/BUM/BP",3
"GO:0000785","GO:0000785","chromatin","3/44","226/25052",0.00730826042878764,0.035232979655524,0.0247248980038765,"KNAT6/BUM/BP",3
