"","ID","Description","GeneRatio","BgRatio","pvalue","p.adjust","qvalue","geneID","Count"
"GO:0055035","GO:0055035","plastid thylakoid membrane","16/84","333/25052",1.87088470028465e-14,8.23189268125247e-13,4.92338079022277e-13,"DRT112/LHCA3/SPPA/NA/SEP2/NA/NA/CURT1B/LHCB2/OEC33/PSBQ/OHP/FIP/ENH1/LHCB3/PSAN",16
"GO:0042651","GO:0042651","thylakoid membrane","16/84","361/25052",6.51850986646351e-14,9.97676258336091e-13,5.96696326756036e-13,"DRT112/LHCA3/SPPA/NA/SEP2/NA/NA/CURT1B/LHCB2/OEC33/PSBQ/OHP/FIP/ENH1/LHCB3/PSAN",16
"GO:0034357","GO:0034357","photosynthetic membrane","16/84","362/25052",6.8023381250188e-14,9.97676258336091e-13,5.96696326756036e-13,"DRT112/LHCA3/SPPA/NA/SEP2/NA/NA/CURT1B/LHCB2/OEC33/PSBQ/OHP/FIP/ENH1/LHCB3/PSAN",16
"GO:0099503","GO:0099503","secretory vesicle","7/84","173/25052",1.92032535021918e-06,9.3882572677382e-06,5.61498640414964e-06,"FLA9/NA/NA/ESM1/AtENODL2/DIR1-like/AtXTH22",7
"GO:0048046","GO:0048046","apoplast","8/84","298/25052",7.27036591443187e-06,2.90814636577275e-05,1.73932198909853e-05,"NA/GAPA-2/AOAT1/NA/ESM1/GOX1/PSBQ/AtENODL2",8
"GO:0031977","GO:0031977","thylakoid lumen","4/84","61/25052",5.30568758703756e-05,0.000155633502553102,9.30822383690801e-05,"DRT112/OEC33/PSBQ/PSAN",4
"GO:0010287","GO:0010287","plastoglobule","4/84","67/25052",7.67460819658925e-05,0.000211051725406204,0.000126227108496534,"LHCA3/LHCB2/OEC33/LHCB3",4
"GO:0005777","GO:0005777","peroxisome","5/84","324/25052",0.0047084815517477,0.0109038520145736,0.00652144259244833,"AOAT1/ATSEH/ATOEP16-1/ESM1/GOX1",5
"GO:0042579","GO:0042579","microbody","5/84","324/25052",0.0047084815517477,0.0109038520145736,0.00652144259244833,"AOAT1/ATSEH/ATOEP16-1/ESM1/GOX1",5
