"","ID","Description","GeneRatio","BgRatio","pvalue","p.adjust","qvalue","geneID","Count"
"GO:0004568","GO:0004568","chitinase activity","4/67","23/21809",6.89274841056769e-07,6.82382092646202e-05,5.07886724989198e-05,"NA/NA/NA/ChiC",4
"GO:0008509","GO:0008509","anion transmembrane transporter activity","7/67","336/21809",7.61873398228782e-05,0.00377127332123247,0.00280690199347446,"AtNPF2.13/NIP6/ATPT2/AtNIP5;1/AtLHT1/AtNPF2.11/AAP4",7
"GO:0008236","GO:0008236","serine-type peptidase activity","5/67","190/21809",0.000296864840685652,0.00734740480696989,0.0054685628547357,"AIR3/SCPL51/scpl46/SCPL34/NA",5
"GO:0017171","GO:0017171","serine hydrolase activity","5/67","190/21809",0.000296864840685652,0.00734740480696989,0.0054685628547357,"AIR3/SCPL51/scpl46/SCPL34/NA",5
"GO:0004180","GO:0004180","carboxypeptidase activity","3/67","61/21809",0.000878084058745593,0.0108662902269767,0.00808761633055151,"SCPL51/scpl46/SCPL34",3
"GO:0022804","GO:0022804","active transmembrane transporter activity","6/67","476/21809",0.00339734307658955,0.0305760876893059,0.0227573220441405,"NIP6/AHA1/ATPT2/AtNIP5;1/AtNPF2.11/AAP4",6
"GO:0005372","GO:0005372","water transmembrane transporter activity","2/67","36/21809",0.00547572088422411,0.0387211691098705,0.0288195836011795,"NIP6/AtNIP5;1",2
"GO:0015250","GO:0015250","water channel activity","2/67","36/21809",0.00547572088422411,0.0387211691098705,0.0288195836011795,"NIP6/AtNIP5;1",2
