"","ID","Description","GeneRatio","BgRatio","pvalue","p.adjust","qvalue","geneID","Count"
"GO:0031226","GO:0031226","intrinsic component of plasma membrane","5/44","271/25052",0.000109802976729777,0.00098822679056799,0.000462328323072744,"NA/NA/AtSWEET11/NA/AtSWEET12",5
"GO:0031225","GO:0031225","anchored component of membrane","4/44","314/25052",0.00221488978143031,0.00996700401643638,0.00466292585564275,"NA/NA/NA/NA",4
"GO:0000148","GO:0000148","1,3-beta-D-glucan synthase complex","1/44","12/25052",0.0208782949521168,0.0375809309138102,0.0175817220649405,"ATGSL04",1
