"","ID","Description","GeneRatio","BgRatio","pvalue","p.adjust","qvalue","geneID","Count"
"GO:0005992","GO:0005992","trehalose biosynthetic process","2/45","16/21826",0.000489703357952121,0.0327367340992238,0.0271370295822513,"ATTPPB/TPPH",2
"GO:0005991","GO:0005991","trehalose metabolic process","2/45","19/21826",0.000695086396677216,0.0327367340992238,0.0271370295822513,"ATTPPB/TPPH",2
"GO:0015770","GO:0015770","sucrose transport","2/45","20/21826",0.000771306001150433,0.0327367340992238,0.0271370295822513,"AtSWEET11/AtSWEET12",2
"GO:0015766","GO:0015766","disaccharide transport","2/45","22/21826",0.000935289751653825,0.0327367340992238,0.0271370295822513,"AtSWEET11/AtSWEET12",2
"GO:0015772","GO:0015772","oligosaccharide transport","2/45","23/21826",0.00102302294060074,0.0327367340992238,0.0271370295822513,"AtSWEET11/AtSWEET12",2
"GO:0051260","GO:0051260","protein homooligomerization","2/45","26/21826",0.00130900296403573,0.0349067457076195,0.0289358549944741,"AtSWEET11/AtSWEET12",2
