"","ID","Description","GeneRatio","BgRatio","pvalue","p.adjust","qvalue","geneID","Count"
"GO:0033612","GO:0033612","receptor serine/threonine kinase binding","3/44","45/21809",0.000102469809358547,0.00307409428075642,0.00194153322995142,"CLE45/CLE42/CLE25",3
"GO:0005089","GO:0005089","Rho guanyl-nucleotide exchange factor activity","2/44","16/21809",0.000468862369359039,0.00703293554038559,0.00444185402550669,"ATROPGEF2/ATROPGEF3",2
"GO:0017048","GO:0017048","Rho GTPase binding","2/44","24/21809",0.0010673803973506,0.00800535298012951,0.00505601240850285,"ATROPGEF2/ATROPGEF3",2
