"","ID","Description","GeneRatio","BgRatio","pvalue","p.adjust","qvalue","geneID","Count"
"GO:0055035","GO:0055035","plastid thylakoid membrane","17/88","333/25052",2.19281151031387e-15,8.3326837391927e-14,4.38562302062774e-14,"DRT112/PSAK/LHCA3/SPPA/NA/SEP2/NA/NA/CURT1B/LHCB2/OEC33/PSBQ/OHP/FIP/ENH1/LHCB3/PSAN",17
"GO:0042651","GO:0042651","thylakoid membrane","17/88","361/25052",8.28613238445953e-15,1.09831551156282e-13,5.78060795559377e-14,"DRT112/PSAK/LHCA3/SPPA/NA/SEP2/NA/NA/CURT1B/LHCB2/OEC33/PSBQ/OHP/FIP/ENH1/LHCB3/PSAN",17
"GO:0034357","GO:0034357","photosynthetic membrane","17/88","362/25052",8.67091193339066e-15,1.09831551156282e-13,5.78060795559377e-14,"DRT112/PSAK/LHCA3/SPPA/NA/SEP2/NA/NA/CURT1B/LHCB2/OEC33/PSBQ/OHP/FIP/ENH1/LHCB3/PSAN",17
"GO:0099503","GO:0099503","secretory vesicle","7/88","173/25052",2.62991731496228e-06,1.11040953298407e-05,5.84426069991617e-06,"FLA9/NA/NA/ESM1/AtENODL2/DIR1-like/AtXTH22",7
"GO:0048046","GO:0048046","apoplast","8/88","298/25052",1.02883305408797e-05,3.55415055048573e-05,1.87060555288722e-05,"NA/GAPA-2/AOAT1/NA/ESM1/GOX1/PSBQ/AtENODL2",8
"GO:0031977","GO:0031977","thylakoid lumen","4/88","61/25052",6.36576737074233e-05,0.000161266106725472,8.48768982765645e-05,"DRT112/OEC33/PSBQ/PSAN",4
"GO:0010287","GO:0010287","plastoglobule","4/88","67/25052",9.20100686972892e-05,0.000218523913156062,0.000115012585871612,"LHCA3/LHCB2/OEC33/LHCB3",4
