"","ID","Description","GeneRatio","BgRatio","pvalue","p.adjust","qvalue","geneID","Count"
"GO:0004312","GO:0004312","fatty acid synthase activity","3/64","27/21809",6.7038727779119e-05,0.00616756295567895,0.0045868603217292,"DAISY/NA/KCS20",3
"GO:0008289","GO:0008289","lipid binding","6/64","268/21809",0.000134376483973762,0.00618131826279304,0.00459709024120764,"HDG12/LTPG1/LTPG2/PDF2/ATML1/HB-7",6
"GO:0003996","GO:0003996","acyl-CoA ligase activity","2/64","10/21809",0.00037574615242266,0.00691372920457694,0.00514178945420482,"LACS2/CER8",2
"GO:0004467","GO:0004467","long-chain fatty acid-CoA ligase activity","2/64","10/21809",0.00037574615242266,0.00691372920457694,0.00514178945420482,"LACS2/CER8",2
"GO:0000981","GO:0000981","DNA-binding transcription factor activity, RNA polymerase II-specific","4/64","272/21809",0.00837124125333083,0.0481346372066523,0.0357980711491121,"HDG12/PDF2/ATML1/HB-7",4
