"","ID","Description","GeneRatio","BgRatio","pvalue","p.adjust","qvalue","geneID","Count"
"GO:0031225","GO:0031225","anchored component of membrane","2/62","314/25052",0.182387229144535,0.436994014856247,0.436994014856247,"AtXYP2/AGP14",2
"GO:0090575","GO:0090575","RNA polymerase II transcription regulator complex","1/62","85/25052",0.190207739506965,0.436994014856247,0.436994014856247,"NA",1
"GO:0005667","GO:0005667","transcription regulator complex","1/62","130/25052",0.275999249611093,0.436994014856247,0.436994014856247,"NA",1
"GO:0046658","GO:0046658","anchored component of plasma membrane","1/62","173/25052",0.349595211884997,0.436994014856247,0.436994014856247,"AtXYP2",1
"GO:0031226","GO:0031226","intrinsic component of plasma membrane","1/62","271/25052",0.490927962531165,0.490927962531165,0.490927962531165,"AtXYP2",1
