"","ID","Description","GeneRatio","BgRatio","pvalue","p.adjust","qvalue","geneID","Count"
"GO:0005996","GO:0005996","monosaccharide metabolic process","4/36","134/21826",6.86996398332841e-05,0.0190298002338197,0.0137399279666568,"ATUXS2/MIOX4/DUR/PCK2",4
"GO:0071249","GO:0071249","cellular response to nitrate","2/36","11/21826",0.000144126787581854,0.0199615600800868,0.0144126787581854,"ATNRT2.5/ATNRT2.3",2
"GO:1902170","GO:1902170","cellular response to reactive nitrogen species","2/36","15/21826",0.000274010965192575,0.0253003457861144,0.018267397679505,"ATNRT2.5/ATNRT2.3",2
