"","ID","Description","GeneRatio","BgRatio","pvalue","p.adjust","qvalue","geneID","Count"
"GO:0010168","GO:0010168","ER body","5/62","12/25052",6.15274493117744e-11,9.8443918898839e-10,7.77188833411887e-10,"ERMO3/BGLU23/NAI2/MEB1/MEB2",5
"GO:0009986","GO:0009986","cell surface","3/62","19/25052",1.35970063466957e-05,0.000108776050773566,8.58758295580781e-05,"ANNAT4/ANN3/ANNAT2",3
