"","ID","Description","GeneRatio","BgRatio","pvalue","p.adjust","qvalue","geneID","Count"
"GO:0007135","GO:0007135","meiosis II","2/46","28/21826",0.00158625176307126,0.0416384504632976,0.0316790712227277,"NA/NA",2
"GO:0007140","GO:0007140","male meiotic nuclear division","2/46","28/21826",0.00158625176307126,0.0416384504632976,0.0316790712227277,"NA/NA",2
"GO:0061983","GO:0061983","meiosis II cell cycle process","2/46","28/21826",0.00158625176307126,0.0416384504632976,0.0316790712227277,"NA/NA",2
"GO:0007052","GO:0007052","mitotic spindle organization","2/46","30/21826",0.0018205621402261,0.0416384504632976,0.0316790712227277,"AtAUR2/AtAUR1",2
"GO:1902850","GO:1902850","microtubule cytoskeleton organization involved in mitosis","2/46","33/21826",0.00220092207424961,0.0416384504632976,0.0316790712227277,"AtAUR2/AtAUR1",2
"GO:0010583","GO:0010583","response to cyclopentenone","2/46","35/21826",0.00247357131465134,0.0416384504632976,0.0316790712227277,"AGP17/NA",2
"GO:0000272","GO:0000272","polysaccharide catabolic process","3/46","143/21826",0.00340201192461847,0.0453175475679061,0.0344781758463486,"NA/BGLC1/PME5",3
"GO:0022402","GO:0022402","cell cycle process","5/46","490/21826",0.00358950871824999,0.0453175475679061,0.0344781758463486,"AtAUR2/NA/ATCDT1B/AtAUR1/NA",5
