"","ID","Description","GeneRatio","BgRatio","pvalue","p.adjust","qvalue","geneID","Count"
"GO:0008289","GO:0008289","lipid binding","6/66","268/21809",0.000159545721123725,0.0119878157710962,0.00925375252505675,"HDG12/LTPG1/LTPG2/PDF2/ATML1/HB-7",6
"GO:0003996","GO:0003996","acyl-CoA ligase activity","2/66","10/21809",0.000399593859036541,0.0119878157710962,0.00925375252505675,"LACS2/CER8",2
"GO:0004467","GO:0004467","long-chain fatty acid-CoA ligase activity","2/66","10/21809",0.000399593859036541,0.0119878157710962,0.00925375252505675,"LACS2/CER8",2
"GO:0102336","GO:0102336","3-oxo-arachidoyl-CoA synthase activity","2/66","23/21809",0.00219029389007625,0.0219029389007625,0.0169075317830447,"KCS19/KCS20",2
"GO:0102337","GO:0102337","3-oxo-cerotoyl-CoA synthase activity","2/66","23/21809",0.00219029389007625,0.0219029389007625,0.0169075317830447,"KCS19/KCS20",2
"GO:0102338","GO:0102338","3-oxo-lignoceronyl-CoA synthase activity","2/66","23/21809",0.00219029389007625,0.0219029389007625,0.0169075317830447,"KCS19/KCS20",2
"GO:0102756","GO:0102756","very-long-chain 3-ketoacyl-CoA synthase activity","2/66","23/21809",0.00219029389007625,0.0219029389007625,0.0169075317830447,"KCS19/KCS20",2
