"","ID","Description","GeneRatio","BgRatio","pvalue","p.adjust","qvalue","geneID","Count"
"GO:0009651","GO:0009651","response to salt stress","7/34","483/21826",7.97694649518254e-06,0.00140394258315213,0.00123432751030719,"ESL1/ATOCT6/AtNCL/ABI5/BGLU25/SIED1/COR78",7
"GO:0009414","GO:0009414","response to water deprivation","6/34","397/21826",3.04741208725562e-05,0.00205467678580719,0.00180644430331135,"AtLEA14/ESL1/ATOCT6/ABI5/RS5/COR78",6
"GO:0009415","GO:0009415","response to water","6/34","407/21826",3.50228997580772e-05,0.00205467678580719,0.00180644430331135,"AtLEA14/ESL1/ATOCT6/ABI5/RS5/COR78",6
"GO:0001101","GO:0001101","response to acid chemical","6/34","438/21826",5.27059500616373e-05,0.00231906180271204,0.00203888806817386,"AtLEA14/ESL1/ATOCT6/ABI5/RS5/COR78",6
"GO:0071472","GO:0071472","cellular response to salt stress","2/34","39/21826",0.00168341963966308,0.049380309430117,0.0434145064965742,"ATOCT6/AtNCL",2
