"","ID","Description","GeneRatio","BgRatio","pvalue","p.adjust","qvalue","geneID","Count"
"GO:0009733","GO:0009733","response to auxin","8/36","337/21826",6.17335689842692e-08,1.01243053134201e-05,7.47301098230627e-06,"IAA3/ATAUX2-27/UMAMIT5/SAUR42/SAUR29/SAUR27/NA/AXR5",8
"GO:0060918","GO:0060918","auxin transport","4/36","114/21826",3.65475461811746e-05,0.00221195212993391,0.00163269894058023,"UMAMIT5/NA/CLEL/CLEL",4
"GO:0009914","GO:0009914","hormone transport","4/36","117/21826",4.04625389622057e-05,0.00221195212993391,0.00163269894058023,"UMAMIT5/NA/CLEL/CLEL",4
"GO:0010817","GO:0010817","regulation of hormone levels","5/36","254/21826",5.76049281508785e-05,0.00236180205418602,0.00174330703614501,"UMAMIT5/NA/CYP702A6/CLEL/CLEL",5
"GO:0008284","GO:0008284","positive regulation of cell population proliferation","2/36","31/21826",0.00119350724919303,0.0311776263615642,0.0230130104722714,"CLEL/CLEL",2
"GO:0009958","GO:0009958","positive gravitropism","2/36","34/21826",0.00143543981648815,0.0311776263615642,0.0230130104722714,"CLEL/CLEL",2
"GO:0010583","GO:0010583","response to cyclopentenone","2/36","35/21826",0.00152085982251533,0.0311776263615642,0.0230130104722714,"IAA3/ATAUX2-27",2
"GO:0010928","GO:0010928","regulation of auxin mediated signaling pathway","2/36","43/21826",0.00228908702118474,0.0417122523860331,0.0307888897586252,"UMAMIT5/NA",2
