"","ID","Description","GeneRatio","BgRatio","pvalue","p.adjust","qvalue","geneID","Count"
"GO:0051213","GO:0051213","dioxygenase activity","3/36","115/21809",0.00089828849438236,0.0407357791545962,0.0344719699760257,"JMJ30/DIN11/AT2301",3
"GO:0030545","GO:0030545","receptor regulator activity","2/36","56/21809",0.00385756253143006,0.0407357791545962,0.0344719699760257,"CLEL/CLEL",2
"GO:0030546","GO:0030546","signaling receptor activator activity","2/36","56/21809",0.00385756253143006,0.0407357791545962,0.0344719699760257,"CLEL/CLEL",2
"GO:0048018","GO:0048018","receptor ligand activity","2/36","56/21809",0.00385756253143006,0.0407357791545962,0.0344719699760257,"CLEL/CLEL",2
"GO:0016706","GO:0016706","2-oxoglutarate-dependent dioxygenase activity","2/36","57/21809",0.0039937038386859,0.0407357791545962,0.0344719699760257,"JMJ30/AT2301",2
