"","ID","Description","GeneRatio","BgRatio","pvalue","p.adjust","qvalue","geneID","Count"
"GO:0005996","GO:0005996","monosaccharide metabolic process","4/36","134/21826",6.86996398332841e-05,0.0188924009541531,0.0135952971459552,"ATUXS2/MIOX4/DUR/PCK2",4
"GO:0071249","GO:0071249","cellular response to nitrate","2/36","11/21826",0.000144126787581854,0.0198174332925049,0.0142609663502045,"ATNRT2.5/ATNRT2.3",2
"GO:1902170","GO:1902170","cellular response to reactive nitrogen species","2/36","15/21826",0.000274010965192575,0.0251176718093194,0.0180751092828786,"ATNRT2.5/ATNRT2.3",2
