"","ID","Description","GeneRatio","BgRatio","pvalue","p.adjust","qvalue","geneID","Count"
"GO:0009813","GO:0009813","flavonoid biosynthetic process","4/34","78/21826",6.45092350263148e-06,0.0013957181667584,0.00102699752689428,"ATRHM1/A11/AtCHIL/ATMYB111",4
"GO:0009943","GO:0009943","adaxial/abaxial axis specification","3/34","28/21826",1.1016795818586e-05,0.0013957181667584,0.00102699752689428,"AS2/ATHB-14/ZPR1",3
"GO:0009812","GO:0009812","flavonoid metabolic process","4/34","94/21826",1.35506618131884e-05,0.0013957181667584,0.00102699752689428,"ATRHM1/A11/AtCHIL/ATMYB111",4
"GO:0009411","GO:0009411","response to UV","4/34","126/21826",4.29386922186957e-05,0.0026536111791154,0.00195258053036595,"DRT100/A11/CBB3/ATMYB111",4
"GO:0048437","GO:0048437","floral organ development","4/34","255/21826",0.000640610841774178,0.0131965833405481,0.0097103117068928,"AS2/ATHB-14/ATWRKY70/CBB3",4
"GO:0009733","GO:0009733","response to auxin","4/34","337/21826",0.00179634153064685,0.032651148998228,0.0240253727937907,"ATRHM1/A11/SAUR16/AIL5",4
