"","ID","Description","GeneRatio","BgRatio","pvalue","p.adjust","qvalue","geneID","Count"
"GO:0009813","GO:0009813","flavonoid biosynthetic process","4/33","78/21826",5.70744050854288e-06,0.00121158887507237,0.000879701493451885,"ATRHM1/A11/AtCHIL/ATMYB111",4
"GO:0009943","GO:0009943","adaxial/abaxial axis specification","3/33","28/21826",1.00533578674714e-05,0.00121158887507237,0.000879701493451885,"AS2/ATHB-14/ZPR1",3
"GO:0009812","GO:0009812","flavonoid metabolic process","4/33","94/21826",1.19959294561621e-05,0.00121158887507237,0.000879701493451885,"ATRHM1/A11/AtCHIL/ATMYB111",4
"GO:0009411","GO:0009411","response to UV","4/33","126/21826",3.80565405869882e-05,0.00230622635957149,0.00167448778582748,"DRT100/A11/CBB3/ATMYB111",4
"GO:0048437","GO:0048437","floral organ development","4/33","255/21826",0.000570438962663846,0.0115228670458097,0.00836643811906974,"AS2/ATHB-14/ATWRKY70/CBB3",4
"GO:0009733","GO:0009733","response to auxin","4/33","337/21826",0.00160430981542027,0.028594463180726,0.0207616564348505,"ATRHM1/A11/SAUR16/AIL5",4
