"","ID","Description","GeneRatio","BgRatio","pvalue","p.adjust","qvalue","geneID","Count"
"GO:0009834","GO:0009834","plant-type secondary cell wall biogenesis","8/33","88/21826",6.44783515723316e-13,1.35404538301896e-10,1.03165362515731e-10,"ANAC007/ANAC026/VRLK1/ANAC037/TBL33/AO1/ATFLA11/AtFLA12",8
"GO:0071669","GO:0071669","plant-type cell wall organization or biogenesis","10/33","303/21826",1.60029559952585e-11,1.12020691966809e-09,8.53490986413786e-10,"ANAC007/ANAC026/VRLK1/ANAC037/TBL33/ROPGAP4/AO1/ATFLA11/RIC4/AtFLA12",10
"GO:0048759","GO:0048759","xylem vessel member cell differentiation","4/33","11/21826",1.41791404887018e-09,5.95523900525477e-08,4.53732495638459e-08,"ANAC007/ANAC026/ANAC037/ANAC101",4
"GO:0010089","GO:0010089","xylem development","5/33","42/21826",4.70369095668289e-09,1.64629183483901e-07,1.25431758844877e-07,"ANAC007/ANAC026/ANAC037/AO1/ANAC101",5
"GO:1903338","GO:1903338","regulation of cell wall organization or biogenesis","5/33","46/21826",7.54708128381511e-09,2.26412438514453e-07,1.72504715058631e-07,"ANAC007/ANAC026/VRLK1/ANAC037/ANAC101",5
"GO:1905177","GO:1905177","tracheary element differentiation","4/33","17/21826",1.01611134273807e-08,2.66729227468743e-07,2.03222268547614e-07,"ANAC007/ANAC026/ANAC037/ANAC101",4
"GO:2000652","GO:2000652","regulation of secondary cell wall biogenesis","4/33","30/21826",1.15395621269059e-07,2.69256449627805e-06,2.05147771144994e-06,"ANAC007/ANAC026/VRLK1/ANAC037",4
"GO:0044087","GO:0044087","regulation of cellular component biogenesis","5/33","142/21826",2.2260223941204e-06,4.24967911604803e-05,3.23785075508421e-05,"ANAC007/ANAC026/VRLK1/ANAC037/RIC4",5
"GO:0045491","GO:0045491","xylan metabolic process","3/33","58/21826",9.18087940587564e-05,0.0014830651347953,0.00112995438841546,"TBL33/NA/ANAC101",3
