"","ID","Description","GeneRatio","BgRatio","pvalue","p.adjust","qvalue","geneID","Count"
"GO:0010089","GO:0010089","xylem development","5/24","42/21826",8.53162323824927e-10,1.69779302441161e-07,1.14952397315359e-07,"FST/AHP6/ATHB-8/ACL5/PXY",5
"GO:0009733","GO:0009733","response to auxin","5/24","337/21826",2.84439945357381e-05,0.00188678497087062,0.00127748466686824,"BG3/FST/IAA13/AtAUX1/ATHB-8",5
"GO:0010065","GO:0010065","primary meristem tissue development","2/24","10/21826",5.18666136020027e-05,0.00258036402669963,0.00174708593185693,"ATHB-8/PXY",2
"GO:0006596","GO:0006596","polyamine biosynthetic process","2/24","14/21826",0.000104604284722179,0.00416325053194273,0.00281881019882925,"BUD2/ACL5",2
"GO:0060918","GO:0060918","auxin transport","3/24","114/21826",0.000259279374507325,0.00783904270715157,0.00530757718336631,"BG3/AtAUX1/ACL5",3
"GO:0009914","GO:0009914","hormone transport","3/24","117/21826",0.00027987814471392,0.00783904270715157,0.00530757718336631,"BG3/AtAUX1/ACL5",3
"GO:0006595","GO:0006595","polyamine metabolic process","2/24","24/21826",0.000315137395262374,0.00783904270715157,0.00530757718336631,"BUD2/ACL5",2
"GO:0010817","GO:0010817","regulation of hormone levels","3/24","254/21826",0.00263103112958397,0.0402750149836316,0.0272689866062144,"BG3/AtAUX1/ACL5",3
