"","ID","Description","GeneRatio","BgRatio","pvalue","p.adjust","qvalue","geneID","Count"
"GO:0009986","GO:0009986","cell surface","1/29","19/25052",0.0217743470054285,0.0435486940108569,0.0229203652688721,"AtAUX1",1
"GO:0005768","GO:0005768","endosome","1/29","417/25052",0.385565611248635,0.385565611248635,0.202929269078229,"AtAUX1",1
