"","ID","Description","GeneRatio","BgRatio","pvalue","p.adjust","qvalue","geneID","Count"
"GO:0000981","GO:0000981","DNA-binding transcription factor activity, RNA polymerase II-specific","6/39","272/21809",8.22507778810737e-06,0.000485279589498335,0.000337661088143355,"KNAT6/AtMYB117/BUM/NA/BP/AGL25",6
"GO:0000978","GO:0000978","RNA polymerase II cis-regulatory region sequence-specific DNA binding","4/39","111/21809",4.55642756884289e-05,0.00134414613280865,0.000935266711499331,"KNAT6/AtMYB117/BUM/BP",4
"GO:0000156","GO:0000156","phosphorelay response regulator activity","2/39","32/21809",0.00149401723713024,0.0176294033981369,0.0122666678417009,"ARR5/ARR6",2
"GO:0020037","GO:0020037","heme binding","4/39","370/21809",0.00419657330543189,0.0357034761282004,0.024842739857267,"CYP78A5/NA/CYP707A1/CYP78A7",4
"GO:0016705","GO:0016705","oxidoreductase activity, acting on paired donors, with incorporation or reduction of molecular oxygen","4/39","392/21809",0.00514569955935667,0.0357034761282004,0.024842739857267,"CYP78A5/ATGA2OX1/CYP707A1/CYP78A7",4
"GO:0046906","GO:0046906","tetrapyrrole binding","4/39","393/21809",0.00519198761647271,0.0357034761282004,0.024842739857267,"CYP78A5/NA/CYP707A1/CYP78A7",4
