"","ID","Description","GeneRatio","BgRatio","pvalue","p.adjust","qvalue","geneID","Count"
"GO:0009505","GO:0009505","plant-type cell wall","4/44","235/25052",0.000763268672082393,0.00686941804874154,0.00562408495218606,"ATXYL1/NA/NA/ATBXL4",4
"GO:0005887","GO:0005887","integral component of plasma membrane","2/44","97/25052",0.0126289151745897,0.0568301182856535,0.0465275822221725,"ATSUC1/SULTR3;2",2
"GO:0031226","GO:0031226","intrinsic component of plasma membrane","2/44","271/25052",0.0820168670546991,0.216792085986,0.177490596713684,"ATSUC1/SULTR3;2",2
"GO:0048046","GO:0048046","apoplast","2/44","298/25052",0.0963520382160001,0.216792085986,0.177490596713684,"ATXYL1/ATBXL4",2
"GO:0016021","GO:0016021","integral component of membrane","2/44","418/25052",0.166868735792934,0.30036372442728,0.245911821168534,"ATSUC1/SULTR3;2",2
"GO:0000790","GO:0000790","nuclear chromatin","1/44","150/25052",0.2323885686833,0.34858285302495,0.285389470312825,"BLH11",1
"GO:0000785","GO:0000785","chromatin","1/44","226/25052",0.329062837156445,0.391324077085565,0.320382285333212,"BLH11",1
"GO:0000228","GO:0000228","nuclear chromosome","1/44","242/25052",0.347843624076058,0.391324077085565,0.320382285333212,"BLH11",1
"GO:0005694","GO:0005694","chromosome","1/44","415/25052",0.52079434551357,0.52079434551357,0.426381335508186,"BLH11",1
