"","ID","Description","GeneRatio","BgRatio","pvalue","p.adjust","qvalue","geneID","Count"
"GO:0009044","GO:0009044","xylan 1,4-beta-xylosidase activity","2/38","12/21809",0.000192973454958881,0.00897326565558796,0.00680485341170791,"ATXYL1/ATBXL4",2
"GO:0046556","GO:0046556","alpha-L-arabinofuranosidase activity","2/38","12/21809",0.000192973454958881,0.00897326565558796,0.00680485341170791,"ATXYL1/ATBXL4",2
"GO:0015144","GO:0015144","carbohydrate transmembrane transporter activity","3/38","95/21809",0.000604776037714684,0.0140610428768664,0.0106631564544431,"ATSUC1/NA/NA",3
"GO:0008171","GO:0008171","O-methyltransferase activity","2/38","43/21809",0.0025518478182735,0.0474643694198872,0.0359944850156473,"IGMT1/AtCOMT",2
