"","ID","Description","GeneRatio","BgRatio","pvalue","p.adjust","qvalue","geneID","Count"
"GO:0010374","GO:0010374","stomatal complex development","4/25","66/21826",9.19495949410092e-07,0.000132407416715053,0.000103564280617768,"AtSDD1/NA/atEPF1/MUTE",4
"GO:0010103","GO:0010103","stomatal complex morphogenesis","3/25","30/21826",5.28049727808506e-06,0.000380195804022124,0.000297375373029001,"AtSDD1/NA/atEPF1",3
"GO:0090558","GO:0090558","plant epidermis development","5/25","283/21826",1.51951292085436e-05,0.000729366202010092,0.000570483798355847,"AtSDD1/NA/atEPF1/MUTE/MDIS2",5
"GO:0090698","GO:0090698","post-embryonic plant morphogenesis","4/25","201/21826",7.58804803321182e-05,0.00273169729195626,0.0021366345777728,"AtSDD1/NA/atEPF1/ATNEK5",4
"GO:0045168","GO:0045168","cell-cell signaling involved in cell fate commitment","2/25","40/21826",0.000956599048674871,0.0175252831147367,0.0137076410327253,"CLE9/CLE10",2
"GO:0090627","GO:0090627","plant epidermal cell differentiation","3/25","172/21826",0.000973626839707592,0.0175252831147367,0.0137076410327253,"NA/atEPF1/MDIS2",3
"GO:0010016","GO:0010016","shoot system morphogenesis","3/25","199/21826",0.00148101309772801,0.0236962095636481,0.018534315959871,"AtSDD1/NA/atEPF1",3
