"","ID","Description","GeneRatio","BgRatio","pvalue","p.adjust","qvalue","geneID","Count"
"GO:0031225","GO:0031225","anchored component of membrane","2/65","314/25052",0.195981133124665,0.453762819843859,0.453762819843859,"AtXYP2/AGP14",2
"GO:0090575","GO:0090575","RNA polymerase II transcription regulator complex","1/65","85/25052",0.198443180064899,0.453762819843859,0.453762819843859,"NA",1
"GO:0005667","GO:0005667","transcription regulator complex","1/65","130/25052",0.287239952334403,0.453762819843859,0.453762819843859,"NA",1
"GO:0046658","GO:0046658","anchored component of plasma membrane","1/65","173/25052",0.363010255875087,0.453762819843859,0.453762819843859,"AtXYP2",1
"GO:0031226","GO:0031226","intrinsic component of plasma membrane","1/65","271/25052",0.507311307444546,0.507311307444546,0.507311307444546,"AtXYP2",1
