"","ID","Description","GeneRatio","BgRatio","pvalue","p.adjust","qvalue","geneID","Count"
"GO:0004805","GO:0004805","trehalose-phosphatase activity","2/41","11/21809",0.000187626473228517,0.00833628184575216,0.00590627256277987,"ATTPPB/TPPH",2
"GO:0008515","GO:0008515","sucrose transmembrane transporter activity","2/41","18/21809",0.000517608157120382,0.00833628184575216,0.00590627256277987,"AtSWEET11/AtSWEET12",2
"GO:0015154","GO:0015154","disaccharide transmembrane transporter activity","2/41","20/21809",0.000641252449673243,0.00833628184575216,0.00590627256277987,"AtSWEET11/AtSWEET12",2
"GO:0015157","GO:0015157","oligosaccharide transmembrane transporter activity","2/41","20/21809",0.000641252449673243,0.00833628184575216,0.00590627256277987,"AtSWEET11/AtSWEET12",2
"GO:0051119","GO:0051119","sugar transmembrane transporter activity","2/41","39/21809",0.00244500826002324,0.0211900715868681,0.0150132086141778,"AtSWEET11/AtSWEET12",2
"GO:0042973","GO:0042973","glucan endo-1,3-beta-D-glucosidase activity","2/41","51/21809",0.00414749322796662,0.0308099496934663,0.0218289117261401,"NA/NA",2
"GO:0031625","GO:0031625","ubiquitin protein ligase binding","2/41","59/21809",0.00551322821340917,0.0358359833871596,0.0253898667722791,"NA/ATL5",2
