"","ID","Description","GeneRatio","BgRatio","pvalue","p.adjust","qvalue","geneID","Count"
"GO:0031226","GO:0031226","intrinsic component of plasma membrane","5/44","271/25052",0.000109802976729777,0.00098822679056799,0.000462328323072744,"NA/NA/AtSWEET11/NA/AtSWEET12",5
"GO:0031225","GO:0031225","anchored component of membrane","4/44","314/25052",0.00221488978143031,0.00996700401643638,0.00466292585564275,"NA/NA/NA/NA",4
"GO:0046658","GO:0046658","anchored component of plasma membrane","3/44","173/25052",0.00348195846820959,0.0104458754046288,0.0048869592536275,"NA/NA/NA",3
"GO:0005887","GO:0005887","integral component of plasma membrane","2/44","97/25052",0.0126289151745897,0.0284150591428268,0.0132935949206207,"AtSWEET11/AtSWEET12",2
"GO:0000148","GO:0000148","1,3-beta-D-glucan synthase complex","1/44","12/25052",0.0208782949521168,0.0375809309138102,0.0175817220649405,"ATGSL04",1
"GO:0098797","GO:0098797","plasma membrane protein complex","1/44","33/25052",0.0563948907070059,0.0845923360605088,0.0395753618996532,"ATGSL04",1
"GO:0016021","GO:0016021","integral component of membrane","2/44","418/25052",0.166868735792934,0.214545517448057,0.100372171905524,"AtSWEET11/AtSWEET12",2
"GO:0005777","GO:0005777","peroxisome","1/44","324/25052",0.436317191241895,0.436317191241895,0.204125001750594,"NA",1
"GO:0042579","GO:0042579","microbody","1/44","324/25052",0.436317191241895,0.436317191241895,0.204125001750594,"NA",1
