"","ID","Description","GeneRatio","BgRatio","pvalue","p.adjust","qvalue","geneID","Count"
"GO:0000790","GO:0000790","nuclear chromatin","3/35","150/25052",0.00119653225927502,0.0131618548520252,0.00881655348939487,"KNAT6/BUM/BP",3
"GO:0000785","GO:0000785","chromatin","3/35","226/25052",0.00383251397802062,0.0170079515369122,0.0113928861969747,"KNAT6/BUM/BP",3
