"","ID","Description","GeneRatio","BgRatio","pvalue","p.adjust","qvalue","geneID","Count"
"GO:0009986","GO:0009986","cell surface","1/33","19/25052",0.0247422151184659,0.123711075592329,0.104177747867225,"AtAUX1",1
"GO:0046658","GO:0046658","anchored component of plasma membrane","1/33","173/25052",0.204530816946773,0.42551284271746,0.358326604393651,"NA",1
"GO:0031226","GO:0031226","intrinsic component of plasma membrane","1/33","271/25052",0.301732500307973,0.42551284271746,0.358326604393651,"NA",1
"GO:0031225","GO:0031225","anchored component of membrane","1/33","314/25052",0.340650429883154,0.42551284271746,0.358326604393651,"NA",1
"GO:0005768","GO:0005768","endosome","1/33","417/25052",0.42551284271746,0.42551284271746,0.358326604393651,"AtAUX1",1
