"","ID","Description","GeneRatio","BgRatio","pvalue","p.adjust","qvalue","geneID","Count"
"GO:0008509","GO:0008509","anion transmembrane transporter activity","6/53","336/21809",0.000159557952156911,0.0130837520768667,0.0110850787814275,"AtNPF2.9/SIAR1/PHO1;H1/UMAMIT11/ATPHO1/LHT7",6
"GO:0015171","GO:0015171","amino acid transmembrane transporter activity","3/53","78/21809",0.000906467503221232,0.0197821004116801,0.0167601877685608,"SIAR1/UMAMIT11/LHT7",3
"GO:0000822","GO:0000822","inositol hexakisphosphate binding","2/53","19/21809",0.000964980507886833,0.0197821004116801,0.0167601877685608,"PHO1;H1/ATPHO1",2
"GO:0015179","GO:0015179","L-amino acid transmembrane transporter activity","2/53","19/21809",0.000964980507886833,0.0197821004116801,0.0167601877685608,"SIAR1/UMAMIT11",2
"GO:0005381","GO:0005381","iron ion transmembrane transporter activity","2/53","23/21809",0.00141886298399501,0.0232693529375182,0.0197147277776149,"ABS4/AtVTL2",2
"GO:0005342","GO:0005342","organic acid transmembrane transporter activity","3/53","121/21809",0.00318841647520042,0.0325562449706407,0.0275829546606199,"SIAR1/UMAMIT11/LHT7",3
"GO:0043178","GO:0043178","alcohol binding","2/53","39/21809",0.00405364638030887,0.0332399003185328,0.0281621748526722,"PHO1;H1/ATPHO1",2
