"","ID","Description","GeneRatio","BgRatio","pvalue","p.adjust","qvalue","geneID","Count"
"GO:0009505","GO:0009505","plant-type cell wall","4/33","235/25052",0.000249402927265056,0.0022446263453855,0.00210023517696889,"NA/ATGRP-5/MERI-5/FLA13",4
"GO:0005615","GO:0005615","extracellular space","1/33","130/25052",0.157852161660116,0.37573773323586,0.351567469694372,"NA",1
"GO:0046658","GO:0046658","anchored component of plasma membrane","1/33","173/25052",0.204530816946773,0.37573773323586,0.351567469694372,"FLA13",1
"GO:0099503","GO:0099503","secretory vesicle","1/33","173/25052",0.204530816946773,0.37573773323586,0.351567469694372,"MERI-5",1
"GO:0000325","GO:0000325","plant-type vacuole","1/33","177/25052",0.208743185131033,0.37573773323586,0.351567469694372,"ATGRP-5",1
"GO:0031226","GO:0031226","intrinsic component of plasma membrane","1/33","271/25052",0.301732500307973,0.38816646991239,0.363196696994049,"FLA13",1
"GO:0031225","GO:0031225","anchored component of membrane","1/33","314/25052",0.340650429883154,0.38816646991239,0.363196696994049,"FLA13",1
"GO:0022626","GO:0022626","cytosolic ribosome","1/33","319/25052",0.345036862144347,0.38816646991239,0.363196696994049,"NA",1
"GO:0005840","GO:0005840","ribosome","1/33","388/25052",0.402755076187723,0.402755076187723,0.376846854912489,"NA",1
