"","ID","Description","GeneRatio","BgRatio","pvalue","p.adjust","qvalue","geneID","Count"
"GO:0005938","GO:0005938","cell cortex","3/40","125/25052",0.00104698931982785,0.0265015916498407,0.0152162248707219,"VETH2/NA/BASL",3
"GO:0055028","GO:0055028","cortical microtubule","2/40","49/25052",0.00278777364421694,0.0265015916498407,0.0152162248707219,"VETH2/NA",2
"GO:0030981","GO:0030981","cortical microtubule cytoskeleton","2/40","52/25052",0.00313387451376501,0.0265015916498407,0.0152162248707219,"VETH2/NA",2
"GO:0005881","GO:0005881","cytoplasmic microtubule","2/40","56/25052",0.00362501601561367,0.0265015916498407,0.0152162248707219,"VETH2/NA",2
"GO:0030863","GO:0030863","cortical cytoskeleton","2/40","59/25052",0.00401539267421829,0.0265015916498407,0.0152162248707219,"VETH2/NA",2
