"","ID","Description","GeneRatio","BgRatio","pvalue","p.adjust","qvalue","geneID","Count"
"GO:0004867","GO:0004867","serine-type endopeptidase inhibitor activity","2/39","20/21809",0.00058011069231268,0.0164341896084327,0.00912136839511095,"NA/NA",2
"GO:0004866","GO:0004866","endopeptidase inhibitor activity","2/39","28/21809",0.0011437365260727,0.0164341896084327,0.00912136839511095,"NA/NA",2
"GO:0061135","GO:0061135","endopeptidase regulator activity","2/39","29/21809",0.0012270720943506,0.0164341896084327,0.00912136839511095,"NA/NA",2
"GO:0030414","GO:0030414","peptidase inhibitor activity","2/39","30/21809",0.00131323730583382,0.0164341896084327,0.00912136839511095,"NA/NA",2
"GO:0061134","GO:0061134","peptidase regulator activity","2/39","32/21809",0.00149401723713024,0.0164341896084327,0.00912136839511095,"NA/NA",2
"GO:0051020","GO:0051020","GTPase binding","3/39","138/21809",0.00191770337742719,0.0175789476264159,0.00975673648164709,"NA/ATROPGEF4/NA",3
"GO:0004553","GO:0004553","hydrolase activity, hydrolyzing O-glycosyl compounds","4/39","393/21809",0.00519198761647271,0.0356949148632499,0.0198115316944353,"NA/MANIA/AtGH9B18/BGLU37",4
