"","ID","Description","GeneRatio","BgRatio","pvalue","p.adjust","qvalue","geneID","Count"
"GO:0000981","GO:0000981","DNA-binding transcription factor activity, RNA polymerase II-specific","6/40","272/21809",9.57599889695379e-06,0.000564983934920274,0.00039311995471705,"KNAT6/AtMYB117/BUM/NA/BP/AGL25",6
"GO:0000978","GO:0000978","RNA polymerase II cis-regulatory region sequence-specific DNA binding","4/40","111/21809",5.04291231362549e-05,0.00148765913251952,0.00103512410648102,"KNAT6/AtMYB117/BUM/BP",4
"GO:0000156","GO:0000156","phosphorelay response regulator activity","2/40","32/21809",0.00157121171351356,0.01854029821946,0.0129004751214798,"ARR5/ARR6",2
"GO:0020037","GO:0020037","heme binding","4/40","370/21809",0.00460147190831985,0.038340887548571,0.0266778700159548,"CYP78A5/NA/CYP707A1/CYP78A7",4
"GO:0016705","GO:0016705","oxidoreductase activity, acting on paired donors, with incorporation or reduction of molecular oxygen","4/40","392/21809",0.00563775751779836,0.038340887548571,0.0266778700159548,"CYP78A5/ATGA2OX1/CYP707A1/CYP78A7",4
"GO:0046906","GO:0046906","tetrapyrrole binding","4/40","393/21809",0.00568826968792024,0.038340887548571,0.0266778700159548,"CYP78A5/NA/CYP707A1/CYP78A7",4
