"","ID","Description","GeneRatio","BgRatio","pvalue","p.adjust","qvalue","geneID","Count"
"GO:0031225","GO:0031225","anchored component of membrane","2/60","314/25052",0.173406127707324,0.404641544249777,0.404641544249777,"AtXYP2/AGP14",2
"GO:0090575","GO:0090575","RNA polymerase II transcription regulator complex","1/60","85/25052",0.184671048568433,0.404641544249777,0.404641544249777,"NA",1
"GO:0009705","GO:0009705","plant-type vacuole membrane","1/60","129/25052",0.266642403725834,0.404641544249777,0.404641544249777,"UMAMIT5",1
"GO:0005667","GO:0005667","transcription regulator complex","1/60","130/25052",0.268407899684444,0.404641544249777,0.404641544249777,"NA",1
"GO:0046658","GO:0046658","anchored component of plasma membrane","1/60","173/25052",0.34049617730869,0.404641544249777,0.404641544249777,"AtXYP2",1
"GO:0000325","GO:0000325","plant-type vacuole","1/60","177/25052",0.346835609356951,0.404641544249777,0.404641544249777,"UMAMIT5",1
"GO:0031226","GO:0031226","intrinsic component of plasma membrane","1/60","271/25052",0.479705316419781,0.479705316419781,0.479705316419781,"AtXYP2",1
