"","ID","Description","GeneRatio","BgRatio","pvalue","p.adjust","qvalue","geneID","Count"
"GO:0120013","GO:0120013","lipid transfer activity","2/50","15/21809",0.000530664899584725,0.0136569825090328,0.0105926734142083,"ATSFH3/NA",2
"GO:0120014","GO:0120014","phospholipid transfer activity","2/50","15/21809",0.000530664899584725,0.0136569825090328,0.0105926734142083,"ATSFH3/NA",2
"GO:0005548","GO:0005548","phospholipid transporter activity","2/50","19/21809",0.00085917510070032,0.0136569825090328,0.0105926734142083,"ATSFH3/NA",2
"GO:0005507","GO:0005507","copper ion binding","4/50","191/21809",0.000958384737475987,0.0136569825090328,0.0105926734142083,"ACO2/BGLU23/JAL31/JAL34",4
"GO:0005381","GO:0005381","iron ion transmembrane transporter activity","2/50","23/21809",0.00126375282703307,0.014406782228177,0.0111742355232398,"MEB1/MEB2",2
"GO:0016746","GO:0016746","transferase activity, transferring acyl groups","5/50","404/21809",0.00227366174811194,0.0163567178472874,0.0126866509618849,"ATGPAT2/AtCER6/NA/NA/NA",5
"GO:0005199","GO:0005199","structural constituent of cell wall","2/50","31/21809",0.00229567969786489,0.0163567178472874,0.0126866509618849,"AT-EXP10/ATGRP-5",2
