"","ID","Description","GeneRatio","BgRatio","pvalue","p.adjust","qvalue","geneID","Count"
"GO:0031226","GO:0031226","intrinsic component of plasma membrane","5/43","271/25052",9.81867146049955e-05,0.000883680431444959,0.000413417745705244,"NA/NA/AtSWEET11/NA/AtSWEET12",5
"GO:0031225","GO:0031225","anchored component of membrane","4/43","314/25052",0.00203335272148431,0.00915008724667937,0.00428074257154591,"NA/NA/NA/NA",4
"GO:0000148","GO:0000148","1,3-beta-D-glucan synthase complex","1/43","12/25052",0.0204082601295155,0.0367348682331278,0.0171859032669604,"ATGSL04",1
