"","ID","Description","GeneRatio","BgRatio","pvalue","p.adjust","qvalue","geneID","Count"
"GO:0004805","GO:0004805","trehalose-phosphatase activity","2/39","11/21809",0.000169643602836774,0.00652624528851765,0.00442716054659677,"ATTPPB/TPPH",2
"GO:0008515","GO:0008515","sucrose transmembrane transporter activity","2/39","18/21809",0.000468198482459844,0.00652624528851765,0.00442716054659677,"AtSWEET11/AtSWEET12",2
"GO:0015154","GO:0015154","disaccharide transmembrane transporter activity","2/39","20/21809",0.00058011069231268,0.00652624528851765,0.00442716054659677,"AtSWEET11/AtSWEET12",2
"GO:0015157","GO:0015157","oligosaccharide transmembrane transporter activity","2/39","20/21809",0.00058011069231268,0.00652624528851765,0.00442716054659677,"AtSWEET11/AtSWEET12",2
"GO:0051119","GO:0051119","sugar transmembrane transporter activity","2/39","39/21809",0.00221443912043911,0.0166082934032933,0.0112664446478481,"AtSWEET11/AtSWEET12",2
"GO:0042973","GO:0042973","glucan endo-1,3-beta-D-glucosidase activity","2/39","51/21809",0.00375910619376644,0.0241656826742128,0.016393094679583,"NA/NA",2
"GO:0031625","GO:0031625","ubiquitin protein ligase binding","2/39","59/21809",0.00499936272936181,0.0281214153526602,0.019076515677828,"NA/ATL5",2
