"","ID","Description","GeneRatio","BgRatio","pvalue","p.adjust","qvalue","geneID","Count"
"GO:0005992","GO:0005992","trehalose biosynthetic process","2/43","16/21826",0.000447050806715101,0.0235447873504481,0.0190797357810649,"ATTPPB/TPPH",2
"GO:0005991","GO:0005991","trehalose metabolic process","2/43","19/21826",0.000634661197586857,0.0235447873504481,0.0190797357810649,"ATTPPB/TPPH",2
"GO:0015770","GO:0015770","sucrose transport","2/43","20/21826",0.000704297756594715,0.0235447873504481,0.0190797357810649,"AtSWEET11/AtSWEET12",2
"GO:0015766","GO:0015766","disaccharide transport","2/43","22/21826",0.000854139135089051,0.0235447873504481,0.0190797357810649,"AtSWEET11/AtSWEET12",2
"GO:0015772","GO:0015772","oligosaccharide transport","2/43","23/21826",0.000934316958351114,0.0235447873504481,0.0190797357810649,"AtSWEET11/AtSWEET12",2
"GO:0051260","GO:0051260","protein homooligomerization","2/43","26/21826",0.00119571777093382,0.0251100731896102,0.0203481796106281,"AtSWEET11/AtSWEET12",2
"GO:0009312","GO:0009312","oligosaccharide biosynthetic process","2/43","38/21826",0.00254796335139438,0.0401304227844616,0.0325200585638494,"ATTPPB/TPPH",2
